	body_site_ls	formula	min_features	batch_size	differential_prior	CV	baseline_CV	q_squared	best
0	Baby-Feces	"C(birth_mode_ms, Treatment(""Vag"")) + host_subject_id"	0	139	0.25	2.876107597351074	3.725356650352478	0.22796449647876038	Yes
1	Baby-Feces	"C(birth_mode_ms, Treatment(""Vag"")) + host_subject_id"	0	139	0.5	2.8785332918167112	3.7253583908081054	0.22731372666877847	
2	Baby-Feces	"C(birth_mode_ms, Treatment(""Vag"")) + host_subject_id"	0	278	0.25	3.524085545539856	4.171056127548217	0.1551095363438939	
3	Baby-Feces	"C(birth_mode_ms, Treatment(""Vag"")) + host_subject_id"	0	278	0.5	3.526009440422058	4.17105622291565	0.15464830681248676	
4	Baby-Feces	"C(birth_mode_ms, Treatment(""Vag"")) + host_subject_id"	0	556	0.25	4.139192819595337	4.270254802703858	0.03069184139211889	
5	Baby-Feces	"C(birth_mode_ms, Treatment(""Vag"")) + host_subject_id"	0	556	0.5	4.139792108535767	4.270254802703858	0.030551501068620923	
6	Baby-Feces	"C(birth_mode_ms, Treatment(""Vag"")) + host_subject_id"	13	139	0.25	39.1605224609375	48.558634185791014	0.19354151702239486	
7	Baby-Feces	"C(birth_mode_ms, Treatment(""Vag"")) + host_subject_id"	13	139	0.5	39.165313720703125	48.558641052246095	0.19344296149960893	
8	Baby-Feces	"C(birth_mode_ms, Treatment(""Vag"")) + host_subject_id"	13	278	0.25	46.649641799926755	55.46674270629883	0.15896193784191337	
9	Baby-Feces	"C(birth_mode_ms, Treatment(""Vag"")) + host_subject_id"	13	278	0.5	46.652875137329104	55.466746139526364	0.15890369664061432	
10	Baby-Feces	"C(birth_mode_ms, Treatment(""Vag"")) + host_subject_id"	13	556	0.25	52.927158737182616	58.351694869995114	0.09296278616924691	
11	Baby-Feces	"C(birth_mode_ms, Treatment(""Vag"")) + host_subject_id"	13	556	0.5	52.928083419799805	58.35169639587402	0.09294696317445394	
12	Baby-Feces	"C(birth_mode_ms, Treatment(""Vag"")) + host_subject_id"	139	139	0.25	156.50189056396485	201.22606964111327	0.22225837416053495	
13	Baby-Feces	"C(birth_mode_ms, Treatment(""Vag"")) + host_subject_id"	139	139	0.5	156.51617889404298	201.2260772705078	0.2221873972942453	
14	Baby-Feces	"C(birth_mode_ms, Treatment(""Vag"")) + host_subject_id"	139	278	0.25	181.84938201904296	228.48013153076172	0.20409104808940715	
15	Baby-Feces	"C(birth_mode_ms, Treatment(""Vag"")) + host_subject_id"	139	278	0.5	181.85114135742188	228.48013610839843	0.20408336385467762	
16	Baby-Feces	"C(birth_mode_ms, Treatment(""Vag"")) + host_subject_id"	139	556	0.25	200.5450210571289	244.13840942382814	0.17856013918326308	
17	Baby-Feces	"C(birth_mode_ms, Treatment(""Vag"")) + host_subject_id"	139	556	0.5	200.54642486572266	244.1384017944336	0.17855436346067233	
18	Baby-Feces	"C(birth_mode_ms, Treatment(""Vag"")) + host_subject_id"	69	139	0.25	97.60979995727538	118.25744934082032	0.17459914363650775	
19	Baby-Feces	"C(birth_mode_ms, Treatment(""Vag"")) + host_subject_id"	69	139	0.5	97.61885833740234	118.25745086669922	0.1745225554756873	
20	Baby-Feces	"C(birth_mode_ms, Treatment(""Vag"")) + host_subject_id"	69	278	0.25	114.50836181640625	133.18004913330077	0.14019883187012427	
21	Baby-Feces	"C(birth_mode_ms, Treatment(""Vag"")) + host_subject_id"	69	278	0.5	114.51003875732422	133.18004913330077	0.14018624033761706	
22	Baby-Feces	"C(birth_mode_ms, Treatment(""Vag"")) + host_subject_id"	69	556	0.25	130.29998626708985	139.78044891357422	0.06782395335091607	
23	Baby-Feces	"C(birth_mode_ms, Treatment(""Vag"")) + host_subject_id"	69	556	0.5	130.30069274902343	139.78044738769532	0.06781888894931654	
24	Baby-Feces-0-2	"C(birth_mode_ms, Treatment(""Vag"")) + host_subject_id"	0	171	0.25	35.97778129577637	36.33139533996582	0.009733015780995058	
25	Baby-Feces-0-2	"C(birth_mode_ms, Treatment(""Vag"")) + host_subject_id"	0	171	0.5	35.98336753845215	36.3313907623291	0.009579132991457184	
26	Baby-Feces-0-2	"C(birth_mode_ms, Treatment(""Vag"")) + host_subject_id"	0	42	0.25	23.20092830657959	32.27511329650879	0.2811511428810618	Yes
27	Baby-Feces-0-2	"C(birth_mode_ms, Treatment(""Vag"")) + host_subject_id"	0	42	0.5	23.220722961425782	32.27514724731445	0.28053858953787014	
28	Baby-Feces-0-2	"C(birth_mode_ms, Treatment(""Vag"")) + host_subject_id"	0	85	0.25	33.309132766723636	35.651032257080075	0.06568952824336116	
29	Baby-Feces-0-2	"C(birth_mode_ms, Treatment(""Vag"")) + host_subject_id"	0	85	0.5	33.31766242980957	35.651024627685544	0.0654500739387992	
30	Baby-Feces-0-2	"C(birth_mode_ms, Treatment(""Vag"")) + host_subject_id"	21	171	0.25	479.30810546875	541.5773376464844	0.11497754401677107	
31	Baby-Feces-0-2	"C(birth_mode_ms, Treatment(""Vag"")) + host_subject_id"	21	171	0.5	479.3270751953125	541.577294921875	0.11494244738517412	
32	Baby-Feces-0-2	"C(birth_mode_ms, Treatment(""Vag"")) + host_subject_id"	21	42	0.25	384.2915771484375	452.6310638427734	0.15098275870450284	
33	Baby-Feces-0-2	"C(birth_mode_ms, Treatment(""Vag"")) + host_subject_id"	21	42	0.5	384.3308044433594	452.6310974121094	0.15089615662567757	
34	Baby-Feces-0-2	"C(birth_mode_ms, Treatment(""Vag"")) + host_subject_id"	21	85	0.25	435.3404296875	513.3709289550782	0.15199633416407599	
35	Baby-Feces-0-2	"C(birth_mode_ms, Treatment(""Vag"")) + host_subject_id"	21	85	0.5	435.3307586669922	513.3709228515625	0.15201516235296209	
36	Baby-Feces-0-2	"C(birth_mode_ms, Treatment(""Vag"")) + host_subject_id"	4	171	0.25	203.15538482666017	216.90968017578126	0.06341024217072633	
37	Baby-Feces-0-2	"C(birth_mode_ms, Treatment(""Vag"")) + host_subject_id"	4	171	0.5	203.13251190185548	216.90965728759767	0.06351559242692106	
38	Baby-Feces-0-2	"C(birth_mode_ms, Treatment(""Vag"")) + host_subject_id"	4	42	0.25	147.88593444824218	184.49683532714843	0.19843647081527482	
39	Baby-Feces-0-2	"C(birth_mode_ms, Treatment(""Vag"")) + host_subject_id"	4	42	0.5	147.91941680908204	184.49687805175782	0.19825517715489216	
40	Baby-Feces-0-2	"C(birth_mode_ms, Treatment(""Vag"")) + host_subject_id"	4	85	0.25	175.94988861083985	211.19226989746093	0.16687344334966492	
41	Baby-Feces-0-2	"C(birth_mode_ms, Treatment(""Vag"")) + host_subject_id"	4	85	0.5	175.95721893310548	211.19224700927734	0.16683864381926883	
44	Baby-Feces-0-2	"C(birth_mode_ms, Treatment(""Vag"")) + host_subject_id"	42	42	0.25	669.6494812011719	732.5208374023438	0.08582876143718388	
45	Baby-Feces-0-2	"C(birth_mode_ms, Treatment(""Vag"")) + host_subject_id"	42	42	0.5	669.5584228515625	732.5209533691407	0.08595321434559622	
46	Baby-Feces-0-2	"C(birth_mode_ms, Treatment(""Vag"")) + host_subject_id"	42	85	0.25	782.8710144042968	811.5696166992187	0.035361849069268536	
47	Baby-Feces-0-2	"C(birth_mode_ms, Treatment(""Vag"")) + host_subject_id"	42	85	0.5	782.8730041503907	811.5696228027343	0.03535940459826559	
48	Baby-Feces-17-26	"C(birth_mode_ms, Treatment(""Vag"")) + host_subject_id"	0	15	0.25	21.91917018890381	26.445954513549804	0.17117114537600298	
49	Baby-Feces-17-26	"C(birth_mode_ms, Treatment(""Vag"")) + host_subject_id"	0	15	0.5	21.915613746643068	26.44606418609619	0.1713090616272107	Yes
50	Baby-Feces-17-26	"C(birth_mode_ms, Treatment(""Vag"")) + host_subject_id"	0	31	0.25	22.491894912719726	30.67604866027832	0.2667929575348489	
51	Baby-Feces-17-26	"C(birth_mode_ms, Treatment(""Vag"")) + host_subject_id"	0	31	0.5	22.498757934570314	30.676061820983886	0.2665695464474487	
52	Baby-Feces-17-26	"C(birth_mode_ms, Treatment(""Vag"")) + host_subject_id"	0	62	0.25	29.6110408782959	31.659104347229004	0.06469113738880494	
53	Baby-Feces-17-26	"C(birth_mode_ms, Treatment(""Vag"")) + host_subject_id"	0	62	0.5	29.63520393371582	31.659103202819825	0.06392787743032902	
54	Baby-Feces-17-26	"C(birth_mode_ms, Treatment(""Vag"")) + host_subject_id"	1	15	0.25	53.38989334106445	67.89288024902343	0.21361572604908885	
55	Baby-Feces-17-26	"C(birth_mode_ms, Treatment(""Vag"")) + host_subject_id"	1	15	0.5	53.411650848388675	67.89297714233399	0.2132963806195447	
56	Baby-Feces-17-26	"C(birth_mode_ms, Treatment(""Vag"")) + host_subject_id"	1	31	0.25	64.86457443237305	79.24500350952148	0.18146795937008942	
57	Baby-Feces-17-26	"C(birth_mode_ms, Treatment(""Vag"")) + host_subject_id"	1	31	0.5	64.85811233520508	79.24502105712891	0.18154968640303715	
58	Baby-Feces-17-26	"C(birth_mode_ms, Treatment(""Vag"")) + host_subject_id"	1	62	0.25	79.18489151000976	82.96785583496094	0.04559554163333113	
59	Baby-Feces-17-26	"C(birth_mode_ms, Treatment(""Vag"")) + host_subject_id"	1	62	0.5	79.1917495727539	82.96784286499023	0.04551273314868498	
60	Baby-Feces-17-26	"C(birth_mode_ms, Treatment(""Vag"")) + host_subject_id"	15	15	0.25	320.6336303710938	360.96741943359376	0.11173803199687415	
61	Baby-Feces-17-26	"C(birth_mode_ms, Treatment(""Vag"")) + host_subject_id"	15	15	0.5	320.52231750488284	360.96752014160154	0.11204665345195797	
62	Baby-Feces-17-26	"C(birth_mode_ms, Treatment(""Vag"")) + host_subject_id"	15	31	0.25	343.3052612304688	400.5467834472656	0.14290845559700527	
63	Baby-Feces-17-26	"C(birth_mode_ms, Treatment(""Vag"")) + host_subject_id"	15	31	0.5	343.24097900390626	400.54689636230466	0.1430691833561576	
64	Baby-Feces-17-26	"C(birth_mode_ms, Treatment(""Vag"")) + host_subject_id"	15	62	0.25	407.49391479492186	427.9143371582031	0.047720818374289875	
65	Baby-Feces-17-26	"C(birth_mode_ms, Treatment(""Vag"")) + host_subject_id"	15	62	0.5	407.8102203369141	427.91435546875	0.0469816795695327	
66	Baby-Feces-17-26	"C(birth_mode_ms, Treatment(""Vag"")) + host_subject_id"	7	15	0.25	171.95708770751952	203.23822021484375	0.15391363137433922	
67	Baby-Feces-17-26	"C(birth_mode_ms, Treatment(""Vag"")) + host_subject_id"	7	15	0.5	171.99742431640624	203.2383575439453	0.15371573360990176	
68	Baby-Feces-17-26	"C(birth_mode_ms, Treatment(""Vag"")) + host_subject_id"	7	31	0.25	193.12877197265624	227.44440155029298	0.1508748043202497	
69	Baby-Feces-17-26	"C(birth_mode_ms, Treatment(""Vag"")) + host_subject_id"	7	31	0.5	193.24918060302736	227.44447174072266	0.1503456684437533	
70	Baby-Feces-17-26	"C(birth_mode_ms, Treatment(""Vag"")) + host_subject_id"	7	62	0.25	226.374951171875	243.2909149169922	0.06952977981478958	
71	Baby-Feces-17-26	"C(birth_mode_ms, Treatment(""Vag"")) + host_subject_id"	7	62	0.5	226.40626220703126	243.29093170166016	0.06940114609505477	
72	Baby-Feces-2-4	"C(birth_mode_ms, Treatment(""Vag"")) + host_subject_id"	0	21	0.25	52.880609130859376	60.82499656677246	0.13061056940943505	Yes
73	Baby-Feces-2-4	"C(birth_mode_ms, Treatment(""Vag"")) + host_subject_id"	0	21	0.5	52.91877403259277	60.82509078979492	0.12998446290077137	
74	Baby-Feces-2-4	"C(birth_mode_ms, Treatment(""Vag"")) + host_subject_id"	0	42	0.25	69.58907470703124	72.38566818237305	0.038634629555340916	
75	Baby-Feces-2-4	"C(birth_mode_ms, Treatment(""Vag"")) + host_subject_id"	0	42	0.5	69.6084373474121	72.38567733764648	0.03836725844644384	
76	Baby-Feces-2-4	"C(birth_mode_ms, Treatment(""Vag"")) + host_subject_id"	0	84	0.25	73.83625259399415	74.14374923706055	0.004147303666600877	
77	Baby-Feces-2-4	"C(birth_mode_ms, Treatment(""Vag"")) + host_subject_id"	0	84	0.5	73.83988723754882	74.14374618530273	0.004098241097698185	
78	Baby-Feces-2-4	"C(birth_mode_ms, Treatment(""Vag"")) + host_subject_id"	10	21	0.25	383.1236846923828	429.06781005859375	0.10707893784886069	
79	Baby-Feces-2-4	"C(birth_mode_ms, Treatment(""Vag"")) + host_subject_id"	10	21	0.5	383.0954193115234	429.0679656982422	0.10714513797809522	
80	Baby-Feces-2-4	"C(birth_mode_ms, Treatment(""Vag"")) + host_subject_id"	10	42	0.25	464.81309204101564	506.37572021484374	0.08207863551631978	
81	Baby-Feces-2-4	"C(birth_mode_ms, Treatment(""Vag"")) + host_subject_id"	10	42	0.5	464.7661987304688	506.3757354736328	0.08217126893776816	
82	Baby-Feces-2-4	"C(birth_mode_ms, Treatment(""Vag"")) + host_subject_id"	10	84	0.25	532.5753234863281	541.5796325683593	0.016626011283566333	
83	Baby-Feces-2-4	"C(birth_mode_ms, Treatment(""Vag"")) + host_subject_id"	10	84	0.5	533.2328674316407	541.579638671875	0.015411900012901714	
84	Baby-Feces-2-4	"C(birth_mode_ms, Treatment(""Vag"")) + host_subject_id"	2	21	0.25	152.23017120361328	207.73688354492188	0.2671971938449996	
85	Baby-Feces-2-4	"C(birth_mode_ms, Treatment(""Vag"")) + host_subject_id"	2	21	0.5	152.25885314941405	207.73701019287108	0.2670595720615646	
86	Baby-Feces-2-4	"C(birth_mode_ms, Treatment(""Vag"")) + host_subject_id"	2	42	0.25	220.22246246337892	251.05524291992188	0.12281273275928983	
87	Baby-Feces-2-4	"C(birth_mode_ms, Treatment(""Vag"")) + host_subject_id"	2	42	0.5	220.1006286621094	251.05525817871094	0.12329807286715677	
88	Baby-Feces-2-4	"C(birth_mode_ms, Treatment(""Vag"")) + host_subject_id"	2	84	0.25	254.94477081298828	262.22467346191405	0.027762081091820323	
89	Baby-Feces-2-4	"C(birth_mode_ms, Treatment(""Vag"")) + host_subject_id"	2	84	0.5	254.85089874267578	262.2246612548828	0.02812001921146423	
90	Baby-Feces-2-4	"C(birth_mode_ms, Treatment(""Vag"")) + host_subject_id"	21	21	0.25	484.86046447753904	722.3997741699219	0.3288197452239363	
91	Baby-Feces-2-4	"C(birth_mode_ms, Treatment(""Vag"")) + host_subject_id"	21	21	0.5	484.63658142089844	722.3998352050781	0.3291297176399305	
92	Baby-Feces-2-4	"C(birth_mode_ms, Treatment(""Vag"")) + host_subject_id"	21	42	0.25	647.5858154296875	835.2861572265625	0.22471381833993842	
93	Baby-Feces-2-4	"C(birth_mode_ms, Treatment(""Vag"")) + host_subject_id"	21	42	0.5	647.3539306640625	835.2861877441406	0.22499145782312913	
94	Baby-Feces-2-4	"C(birth_mode_ms, Treatment(""Vag"")) + host_subject_id"	21	84	0.25	839.4892211914063	902.6741577148438	0.0699975024026308	
95	Baby-Feces-2-4	"C(birth_mode_ms, Treatment(""Vag"")) + host_subject_id"	21	84	0.5	840.8522766113281	902.6741271972656	0.06848745158775038	
96	Baby-Feces-26-51	"C(birth_mode_ms, Treatment(""Vag"")) + host_subject_id"	0	138	0.25	15.012345504760741	15.828964233398438	0.05159015565368863	
97	Baby-Feces-26-51	"C(birth_mode_ms, Treatment(""Vag"")) + host_subject_id"	0	138	0.5	15.013489723205566	15.82896318435669	0.05151780641937642	
98	Baby-Feces-26-51	"C(birth_mode_ms, Treatment(""Vag"")) + host_subject_id"	0	34	0.25	12.517525482177735	13.548410892486572	0.0760890275981021	Yes
99	Baby-Feces-26-51	"C(birth_mode_ms, Treatment(""Vag"")) + host_subject_id"	0	34	0.5	12.52331085205078	13.54842300415039	0.07566283926812578	
100	Baby-Feces-26-51	"C(birth_mode_ms, Treatment(""Vag"")) + host_subject_id"	0	69	0.25	13.547587013244629	15.150179386138916	0.10578042226750917	
101	Baby-Feces-26-51	"C(birth_mode_ms, Treatment(""Vag"")) + host_subject_id"	0	69	0.5	13.550717639923096	15.150181007385253	0.10557387840333177	
102	Baby-Feces-26-51	"C(birth_mode_ms, Treatment(""Vag"")) + host_subject_id"	17	138	0.25	172.28357696533203	182.51689453125	0.05606778261376699	
103	Baby-Feces-26-51	"C(birth_mode_ms, Treatment(""Vag"")) + host_subject_id"	17	138	0.5	172.29922180175782	182.5168884277344	0.05598203384900535	
104	Baby-Feces-26-51	"C(birth_mode_ms, Treatment(""Vag"")) + host_subject_id"	17	34	0.25	155.52953643798827	167.31837463378906	0.07045752280108575	
105	Baby-Feces-26-51	"C(birth_mode_ms, Treatment(""Vag"")) + host_subject_id"	17	34	0.5	155.56652221679687	167.31837005615233	0.07023644705247556	
106	Baby-Feces-26-51	"C(birth_mode_ms, Treatment(""Vag"")) + host_subject_id"	17	69	0.25	167.18504791259767	174.82276153564453	0.043688324998170325	
107	Baby-Feces-26-51	"C(birth_mode_ms, Treatment(""Vag"")) + host_subject_id"	17	69	0.5	167.20519409179687	174.8227508544922	0.04357302882755543	
108	Baby-Feces-26-51	"C(birth_mode_ms, Treatment(""Vag"")) + host_subject_id"	3	138	0.25	73.37255783081055	79.94696960449218	0.08223465887707915	
109	Baby-Feces-26-51	"C(birth_mode_ms, Treatment(""Vag"")) + host_subject_id"	3	138	0.5	73.36330642700196	79.94695816040038	0.08235024677473546	
110	Baby-Feces-26-51	"C(birth_mode_ms, Treatment(""Vag"")) + host_subject_id"	3	34	0.25	64.55721282958984	71.23460159301757	0.09373799549799477	
111	Baby-Feces-26-51	"C(birth_mode_ms, Treatment(""Vag"")) + host_subject_id"	3	34	0.5	64.56966705322266	71.23462677001953	0.09356348196102215	
112	Baby-Feces-26-51	"C(birth_mode_ms, Treatment(""Vag"")) + host_subject_id"	3	69	0.25	68.6827293395996	76.14606018066407	0.09801335516712184	
113	Baby-Feces-26-51	"C(birth_mode_ms, Treatment(""Vag"")) + host_subject_id"	3	69	0.5	68.68200378417968	76.1460678100586	0.09802297400960391	
114	Baby-Feces-26-51	"C(birth_mode_ms, Treatment(""Vag"")) + host_subject_id"	34	138	0.25	275.0002899169922	297.05347900390626	0.07423979399555891	
115	Baby-Feces-26-51	"C(birth_mode_ms, Treatment(""Vag"")) + host_subject_id"	34	138	0.5	274.98150939941405	297.05347595214846	0.07430300716726812	
116	Baby-Feces-26-51	"C(birth_mode_ms, Treatment(""Vag"")) + host_subject_id"	34	34	0.25	257.01610412597654	285.5257141113281	0.09984953570323796	
117	Baby-Feces-26-51	"C(birth_mode_ms, Treatment(""Vag"")) + host_subject_id"	34	34	0.5	256.99627990722655	285.5257202148438	0.09991898553359835	
118	Baby-Feces-26-51	"C(birth_mode_ms, Treatment(""Vag"")) + host_subject_id"	34	69	0.25	270.3900085449219	288.3155853271484	0.06217345746982972	
119	Baby-Feces-26-51	"C(birth_mode_ms, Treatment(""Vag"")) + host_subject_id"	34	69	0.5	270.3993713378906	288.315576171875	0.06214095357548055	
120	Baby-Feces-4-17	"C(birth_mode_ms, Treatment(""Vag"")) + host_subject_id"	0	24	0.25	36.072392272949216	43.8728084564209	0.1777961443070114	Yes
121	Baby-Feces-4-17	"C(birth_mode_ms, Treatment(""Vag"")) + host_subject_id"	0	24	0.5	36.10062217712402	43.87286224365234	0.17715370434152222	
122	Baby-Feces-4-17	"C(birth_mode_ms, Treatment(""Vag"")) + host_subject_id"	0	49	0.25	44.25993766784668	48.19040145874023	0.08156113400007148	
123	Baby-Feces-4-17	"C(birth_mode_ms, Treatment(""Vag"")) + host_subject_id"	0	49	0.5	44.2793773651123	48.19040489196777	0.08115780590810828	
124	Baby-Feces-4-17	"C(birth_mode_ms, Treatment(""Vag"")) + host_subject_id"	0	98	0.25	48.503548049926756	48.83286819458008	0.0067438214634681914	
125	Baby-Feces-4-17	"C(birth_mode_ms, Treatment(""Vag"")) + host_subject_id"	0	98	0.5	48.50473899841309	48.83286323547363	0.006719332337289274	
130	Baby-Feces-4-17	"C(birth_mode_ms, Treatment(""Vag"")) + host_subject_id"	12	98	0.25	512.5153869628906	513.0667358398438	0.0010746143502182726	
131	Baby-Feces-4-17	"C(birth_mode_ms, Treatment(""Vag"")) + host_subject_id"	12	98	0.5	512.5107971191406	513.066748046875	0.0010835840167984223	
134	Baby-Feces-4-17	"C(birth_mode_ms, Treatment(""Vag"")) + host_subject_id"	2	49	0.25	175.8905242919922	182.76852722167968	0.03763231577253545	
135	Baby-Feces-4-17	"C(birth_mode_ms, Treatment(""Vag"")) + host_subject_id"	2	49	0.5	175.90638732910156	182.76854248046874	0.037545603079372825	
136	Baby-Feces-4-17	"C(birth_mode_ms, Treatment(""Vag"")) + host_subject_id"	2	98	0.25	185.78670806884764	188.13895416259766	0.012502706333304636	
137	Baby-Feces-4-17	"C(birth_mode_ms, Treatment(""Vag"")) + host_subject_id"	2	98	0.5	185.79021453857422	188.13895111083986	0.01248405265575181	
140	Baby-Feces-4-17	"C(birth_mode_ms, Treatment(""Vag"")) + host_subject_id"	24	49	0.25	847.3452514648437	854.3834350585937	0.008237734142478192	
141	Baby-Feces-4-17	"C(birth_mode_ms, Treatment(""Vag"")) + host_subject_id"	24	49	0.5	847.230615234375	854.3834655761718	0.008371943781675495	
142	Baby-Feces-4-17	"C(birth_mode_ms, Treatment(""Vag"")) + host_subject_id"	24	98	0.25	902.6531372070312	941.1324035644532	0.0408861348431796	
143	Baby-Feces-4-17	"C(birth_mode_ms, Treatment(""Vag"")) + host_subject_id"	24	98	0.5	902.6527038574219	941.1324279785156	0.0408866201792083	
144	Baby-Forearm	"C(birth_mode_ms, Treatment(""Vag"")) + host_subject_id"	0	178	0.25	0.25474142730236055	0.3158171623945236	0.19338953788669133	
145	Baby-Forearm	"C(birth_mode_ms, Treatment(""Vag"")) + host_subject_id"	0	178	0.5	0.25588864386081694	0.31581735610961914	0.1897575009398823	
146	Baby-Forearm	"C(birth_mode_ms, Treatment(""Vag"")) + host_subject_id"	0	357	0.25	0.31370693147182466	0.32457464933395386	0.0334829534112735	
147	Baby-Forearm	"C(birth_mode_ms, Treatment(""Vag"")) + host_subject_id"	0	357	0.5	0.313905268907547	0.3245746821165085	0.03287198231047361	
148	Baby-Forearm	"C(birth_mode_ms, Treatment(""Vag"")) + host_subject_id"	0	89	0.25	0.18751361966133118	0.2649164140224457	0.2921781749414605	Yes
149	Baby-Forearm	"C(birth_mode_ms, Treatment(""Vag"")) + host_subject_id"	0	89	0.5	0.18816989958286284	0.2649189531803131	0.28970767352086046	
150	Baby-Forearm	"C(birth_mode_ms, Treatment(""Vag"")) + host_subject_id"	44	178	0.25	9.301241683959962	11.716060733795166	0.2061118583031598	
151	Baby-Forearm	"C(birth_mode_ms, Treatment(""Vag"")) + host_subject_id"	44	178	0.5	9.303816604614259	11.716063117980957	0.2058922429040655	
152	Baby-Forearm	"C(birth_mode_ms, Treatment(""Vag"")) + host_subject_id"	44	357	0.25	11.24481372833252	12.837279796600342	0.12405011758718143	
153	Baby-Forearm	"C(birth_mode_ms, Treatment(""Vag"")) + host_subject_id"	44	357	0.5	11.246045017242432	12.8372802734375	0.1239542350327586	
154	Baby-Forearm	"C(birth_mode_ms, Treatment(""Vag"")) + host_subject_id"	44	89	0.25	7.713405895233154	10.42734899520874	0.26027162812164584	
155	Baby-Forearm	"C(birth_mode_ms, Treatment(""Vag"")) + host_subject_id"	44	89	0.5	7.716800403594971	10.42735652923584	0.25994662386781464	
156	Baby-Forearm	"C(birth_mode_ms, Treatment(""Vag"")) + host_subject_id"	8	178	0.25	2.849593687057495	4.128550624847412	0.30978351823824035	
157	Baby-Forearm	"C(birth_mode_ms, Treatment(""Vag"")) + host_subject_id"	8	178	0.5	2.852026867866516	4.128551292419433	0.3091942752162933	
158	Baby-Forearm	"C(birth_mode_ms, Treatment(""Vag"")) + host_subject_id"	8	357	0.25	3.8380341053009035	4.4080065250396725	0.1293038965575577	
159	Baby-Forearm	"C(birth_mode_ms, Treatment(""Vag"")) + host_subject_id"	8	357	0.5	3.838835668563843	4.408006715774536	0.12912209166421007	
160	Baby-Forearm	"C(birth_mode_ms, Treatment(""Vag"")) + host_subject_id"	8	89	0.25	2.2569123983383177	3.223554754257202	0.29986844636105026	
161	Baby-Forearm	"C(birth_mode_ms, Treatment(""Vag"")) + host_subject_id"	8	89	0.5	2.2593459129333495	3.223559761047363	0.29911461849267285	
162	Baby-Forearm	"C(birth_mode_ms, Treatment(""Vag"")) + host_subject_id"	89	178	0.25	15.95539436340332	21.94332275390625	0.27288157120311174	
163	Baby-Forearm	"C(birth_mode_ms, Treatment(""Vag"")) + host_subject_id"	89	178	0.5	15.956907081604005	21.943324470520018	0.2728126905728677	
164	Baby-Forearm	"C(birth_mode_ms, Treatment(""Vag"")) + host_subject_id"	89	357	0.25	20.436398124694826	24.662715339660643	0.17136463510850264	
165	Baby-Forearm	"C(birth_mode_ms, Treatment(""Vag"")) + host_subject_id"	89	357	0.5	20.437779426574707	24.66271629333496	0.17130865945621865	
166	Baby-Forearm	"C(birth_mode_ms, Treatment(""Vag"")) + host_subject_id"	89	89	0.25	13.114513874053955	18.29609794616699	0.28320705799449286	
167	Baby-Forearm	"C(birth_mode_ms, Treatment(""Vag"")) + host_subject_id"	89	89	0.5	13.116491889953613	18.296102905273436	0.28309914095569055	
168	Baby-Forearm-0-2	"C(birth_mode_ms, Treatment(""Vag"")) + host_subject_id"	0	148	0.25	9.994261074066163	10.20350980758667	0.020507525103266255	
169	Baby-Forearm-0-2	"C(birth_mode_ms, Treatment(""Vag"")) + host_subject_id"	0	148	0.5	9.996551609039306	10.203507232666016	0.020282792858141163	
170	Baby-Forearm-0-2	"C(birth_mode_ms, Treatment(""Vag"")) + host_subject_id"	0	37	0.25	8.055946350097656	9.024699497222901	0.10734464315663383	Yes
171	Baby-Forearm-0-2	"C(birth_mode_ms, Treatment(""Vag"")) + host_subject_id"	0	37	0.5	8.065156364440918	9.024729919433593	0.10632712153815893	
172	Baby-Forearm-0-2	"C(birth_mode_ms, Treatment(""Vag"")) + host_subject_id"	0	74	0.25	9.095795917510987	9.821723461151123	0.0739104034553072	
173	Baby-Forearm-0-2	"C(birth_mode_ms, Treatment(""Vag"")) + host_subject_id"	0	74	0.5	9.103712272644042	9.821726608276368	0.07310469576981349	
174	Baby-Forearm-0-2	"C(birth_mode_ms, Treatment(""Vag"")) + host_subject_id"	18	148	0.25	194.3885467529297	194.58891906738282	0.0010297210931303757	
175	Baby-Forearm-0-2	"C(birth_mode_ms, Treatment(""Vag"")) + host_subject_id"	18	148	0.5	194.38452606201173	194.5888885498047	0.0010502269133453312	
176	Baby-Forearm-0-2	"C(birth_mode_ms, Treatment(""Vag"")) + host_subject_id"	18	37	0.25	179.6365768432617	185.2806594848633	0.03046234106297907	
177	Baby-Forearm-0-2	"C(birth_mode_ms, Treatment(""Vag"")) + host_subject_id"	18	37	0.5	179.63235778808593	185.28064575195313	0.030485040361036497	
180	Baby-Forearm-0-2	"C(birth_mode_ms, Treatment(""Vag"")) + host_subject_id"	3	148	0.25	65.15545120239258	66.52208633422852	0.02054408102851013	
181	Baby-Forearm-0-2	"C(birth_mode_ms, Treatment(""Vag"")) + host_subject_id"	3	148	0.5	65.15481796264649	66.52206878662109	0.020553341904627875	
182	Baby-Forearm-0-2	"C(birth_mode_ms, Treatment(""Vag"")) + host_subject_id"	3	37	0.25	58.12542495727539	61.8354190826416	0.05999788115623328	
183	Baby-Forearm-0-2	"C(birth_mode_ms, Treatment(""Vag"")) + host_subject_id"	3	37	0.5	58.129621505737305	61.8353946685791	0.05992964357555619	
184	Baby-Forearm-0-2	"C(birth_mode_ms, Treatment(""Vag"")) + host_subject_id"	3	74	0.25	61.20882148742676	64.16059799194336	0.04600606286255715	
185	Baby-Forearm-0-2	"C(birth_mode_ms, Treatment(""Vag"")) + host_subject_id"	3	74	0.5	61.20890846252441	64.16058120727538	0.04600445770924955	
186	Baby-Forearm-0-2	"C(birth_mode_ms, Treatment(""Vag"")) + host_subject_id"	37	148	0.25	263.49260864257815	274.9485717773438	0.04166583976309135	
187	Baby-Forearm-0-2	"C(birth_mode_ms, Treatment(""Vag"")) + host_subject_id"	37	148	0.5	263.4857574462891	274.94854125976565	0.04169065149775342	
188	Baby-Forearm-0-2	"C(birth_mode_ms, Treatment(""Vag"")) + host_subject_id"	37	37	0.25	232.66102600097656	256.5495941162109	0.09311481547077949	
189	Baby-Forearm-0-2	"C(birth_mode_ms, Treatment(""Vag"")) + host_subject_id"	37	37	0.5	232.6706314086914	256.5495330810547	0.09307715896258884	
190	Baby-Forearm-0-2	"C(birth_mode_ms, Treatment(""Vag"")) + host_subject_id"	37	74	0.25	249.94635314941405	259.93873901367186	0.0384413108341356	
191	Baby-Forearm-0-2	"C(birth_mode_ms, Treatment(""Vag"")) + host_subject_id"	37	74	0.5	249.9390106201172	259.9387268066406	0.03846951283239086	
192	Baby-Forearm-17-26	"C(birth_mode_ms, Treatment(""Vag"")) + host_subject_id"	0	12	0.25	12.069092273712158	15.852336883544922	0.23865532492940245	
193	Baby-Forearm-17-26	"C(birth_mode_ms, Treatment(""Vag"")) + host_subject_id"	0	12	0.5	12.076523208618164	15.852403163909912	0.238189750553912	
194	Baby-Forearm-17-26	"C(birth_mode_ms, Treatment(""Vag"")) + host_subject_id"	0	25	0.25	15.119760513305664	17.021261787414552	0.11171329704328092	
195	Baby-Forearm-17-26	"C(birth_mode_ms, Treatment(""Vag"")) + host_subject_id"	0	25	0.5	15.127281379699706	17.02123565673828	0.11127008139910244	
196	Baby-Forearm-17-26	"C(birth_mode_ms, Treatment(""Vag"")) + host_subject_id"	0	6	0.25	10.65217113494873	12.832209968566895	0.1698880270006704	
197	Baby-Forearm-17-26	"C(birth_mode_ms, Treatment(""Vag"")) + host_subject_id"	0	6	0.5	10.646205711364747	12.832963180541991	0.17040160081600797	Yes
198	Baby-Forearm-17-26	"C(birth_mode_ms, Treatment(""Vag"")) + host_subject_id"	3	12	0.25	97.95788269042968	108.07966537475586	0.09365112900035233	
199	Baby-Forearm-17-26	"C(birth_mode_ms, Treatment(""Vag"")) + host_subject_id"	3	12	0.5	98.02762298583984	108.0796875	0.09300604717385186	
200	Baby-Forearm-17-26	"C(birth_mode_ms, Treatment(""Vag"")) + host_subject_id"	3	25	0.25	112.72582092285157	122.19292373657227	0.07747668624518889	
201	Baby-Forearm-17-26	"C(birth_mode_ms, Treatment(""Vag"")) + host_subject_id"	3	25	0.5	112.79463272094726	122.19274673461913	0.07691220849698144	
202	Baby-Forearm-17-26	"C(birth_mode_ms, Treatment(""Vag"")) + host_subject_id"	3	6	0.25	80.26679840087891	87.9899185180664	0.08777278405595701	
203	Baby-Forearm-17-26	"C(birth_mode_ms, Treatment(""Vag"")) + host_subject_id"	3	6	0.5	80.23460845947265	87.99050369262696	0.08814468502473405	
204	Baby-Forearm-17-26	"C(birth_mode_ms, Treatment(""Vag"")) + host_subject_id"	6	12	0.25	151.37747802734376	175.40579528808593	0.13698702041901256	
205	Baby-Forearm-17-26	"C(birth_mode_ms, Treatment(""Vag"")) + host_subject_id"	6	12	0.5	151.16648559570314	175.40559997558594	0.1381889425608792	
206	Baby-Forearm-17-26	"C(birth_mode_ms, Treatment(""Vag"")) + host_subject_id"	6	25	0.25	184.3427001953125	197.3204376220703	0.06576985933719748	
207	Baby-Forearm-17-26	"C(birth_mode_ms, Treatment(""Vag"")) + host_subject_id"	6	25	0.5	184.45148162841798	197.32019500732423	0.06521741668879144	
208	Baby-Forearm-17-26	"C(birth_mode_ms, Treatment(""Vag"")) + host_subject_id"	6	6	0.25	125.5190315246582	141.0344207763672	0.1100113657807773	
209	Baby-Forearm-17-26	"C(birth_mode_ms, Treatment(""Vag"")) + host_subject_id"	6	6	0.5	125.45610733032227	141.0352340698242	0.1104626573795664	
210	Baby-Forearm-2-4	"C(birth_mode_ms, Treatment(""Vag"")) + host_subject_id"	0	16	0.25	3.3453652381896974	3.7435678482055663	0.10636981247895438	Yes
211	Baby-Forearm-2-4	"C(birth_mode_ms, Treatment(""Vag"")) + host_subject_id"	0	16	0.5	3.348466992378235	3.743671107292175	0.10556592809238374	
212	Baby-Forearm-2-4	"C(birth_mode_ms, Treatment(""Vag"")) + host_subject_id"	0	32	0.25	4.281468200683594	4.63165316581726	0.07560690591387931	
213	Baby-Forearm-2-4	"C(birth_mode_ms, Treatment(""Vag"")) + host_subject_id"	0	32	0.5	4.285792970657349	4.631661224365234	0.0746747736834501	
214	Baby-Forearm-2-4	"C(birth_mode_ms, Treatment(""Vag"")) + host_subject_id"	0	64	0.25	4.82660059928894	4.942852210998535	0.02351913566238517	
215	Baby-Forearm-2-4	"C(birth_mode_ms, Treatment(""Vag"")) + host_subject_id"	0	64	0.5	4.824578189849854	4.942848587036133	0.023927578420361306	
216	Baby-Forearm-2-4	"C(birth_mode_ms, Treatment(""Vag"")) + host_subject_id"	1	16	0.25	12.264443683624268	13.517534160614014	0.0927011141307762	
217	Baby-Forearm-2-4	"C(birth_mode_ms, Treatment(""Vag"")) + host_subject_id"	1	16	0.5	12.270998191833495	13.517538738250732	0.09221653220714554	
218	Baby-Forearm-2-4	"C(birth_mode_ms, Treatment(""Vag"")) + host_subject_id"	1	32	0.25	14.223926544189453	15.064732265472411	0.055812855248018045	
219	Baby-Forearm-2-4	"C(birth_mode_ms, Treatment(""Vag"")) + host_subject_id"	1	32	0.5	14.218361091613769	15.064726734161377	0.05618194458372461	
220	Baby-Forearm-2-4	"C(birth_mode_ms, Treatment(""Vag"")) + host_subject_id"	1	64	0.25	15.589809799194336	16.69711799621582	0.06631732477858998	
221	Baby-Forearm-2-4	"C(birth_mode_ms, Treatment(""Vag"")) + host_subject_id"	1	64	0.5	15.604476642608642	16.697102355957032	0.06543804368298511	
222	Baby-Forearm-2-4	"C(birth_mode_ms, Treatment(""Vag"")) + host_subject_id"	16	16	0.25	68.50606765747071	81.24366607666016	0.15678266422850085	
223	Baby-Forearm-2-4	"C(birth_mode_ms, Treatment(""Vag"")) + host_subject_id"	16	16	0.5	68.41897430419922	81.2436019897461	0.15785400168699426	
224	Baby-Forearm-2-4	"C(birth_mode_ms, Treatment(""Vag"")) + host_subject_id"	16	32	0.25	73.42001113891601	78.6413948059082	0.06639485070018014	
225	Baby-Forearm-2-4	"C(birth_mode_ms, Treatment(""Vag"")) + host_subject_id"	16	32	0.5	73.39423980712891	78.64133682250977	0.06672186953310999	
226	Baby-Forearm-2-4	"C(birth_mode_ms, Treatment(""Vag"")) + host_subject_id"	16	64	0.25	80.55909652709961	85.36849212646484	0.056336892916423964	
227	Baby-Forearm-2-4	"C(birth_mode_ms, Treatment(""Vag"")) + host_subject_id"	16	64	0.5	80.5415771484375	85.36845703125	0.05654172572248295	
228	Baby-Forearm-2-4	"C(birth_mode_ms, Treatment(""Vag"")) + host_subject_id"	8	16	0.25	45.995556640625	47.295532608032225	0.027486231695093566	
229	Baby-Forearm-2-4	"C(birth_mode_ms, Treatment(""Vag"")) + host_subject_id"	8	16	0.5	46.012010192871095	47.29556312561035	0.02713897135192833	
230	Baby-Forearm-2-4	"C(birth_mode_ms, Treatment(""Vag"")) + host_subject_id"	8	32	0.25	50.37314033508301	50.94584655761719	0.011241470330392467	
231	Baby-Forearm-2-4	"C(birth_mode_ms, Treatment(""Vag"")) + host_subject_id"	8	32	0.5	50.39160995483398	50.94580993652344	0.010878224968451145	
234	Baby-Forearm-26-51	"C(birth_mode_ms, Treatment(""Vag"")) + host_subject_id"	0	17	0.25	3.1344149827957155	4.033382892608643	0.22288186709482172	Yes
235	Baby-Forearm-26-51	"C(birth_mode_ms, Treatment(""Vag"")) + host_subject_id"	0	17	0.5	3.138363075256348	4.033512783050537	0.22192807013175986	
236	Baby-Forearm-26-51	"C(birth_mode_ms, Treatment(""Vag"")) + host_subject_id"	0	35	0.25	4.580235338211059	5.199176263809204	0.11904595924291184	
237	Baby-Forearm-26-51	"C(birth_mode_ms, Treatment(""Vag"")) + host_subject_id"	0	35	0.5	4.584931468963623	5.199185800552368	0.1181443316612163	
238	Baby-Forearm-26-51	"C(birth_mode_ms, Treatment(""Vag"")) + host_subject_id"	0	70	0.25	5.278304767608643	5.511673450469971	0.04234080356147174	
239	Baby-Forearm-26-51	"C(birth_mode_ms, Treatment(""Vag"")) + host_subject_id"	0	70	0.5	5.279787921905518	5.511670446395874	0.04207118817163413	
240	Baby-Forearm-26-51	"C(birth_mode_ms, Treatment(""Vag"")) + host_subject_id"	1	17	0.25	9.815105628967284	12.758761787414551	0.23071644470633013	
241	Baby-Forearm-26-51	"C(birth_mode_ms, Treatment(""Vag"")) + host_subject_id"	1	17	0.5	9.819819259643555	12.758859539031983	0.2303528987365444	
242	Baby-Forearm-26-51	"C(birth_mode_ms, Treatment(""Vag"")) + host_subject_id"	1	35	0.25	13.274587440490723	15.954393005371093	0.16796662611847446	
243	Baby-Forearm-26-51	"C(birth_mode_ms, Treatment(""Vag"")) + host_subject_id"	1	35	0.5	13.278885841369629	15.954405784606934	0.1676978747662724	
244	Baby-Forearm-26-51	"C(birth_mode_ms, Treatment(""Vag"")) + host_subject_id"	1	70	0.25	16.291817283630373	17.334650993347168	0.06015891004191676	
245	Baby-Forearm-26-51	"C(birth_mode_ms, Treatment(""Vag"")) + host_subject_id"	1	70	0.5	16.293045806884766	17.3346435546875	0.06008763575187981	
246	Baby-Forearm-26-51	"C(birth_mode_ms, Treatment(""Vag"")) + host_subject_id"	17	17	0.25	63.17020950317383	71.8495590209961	0.12079892536690395	
247	Baby-Forearm-26-51	"C(birth_mode_ms, Treatment(""Vag"")) + host_subject_id"	17	17	0.5	63.17803382873535	71.8496192932129	0.12069076426263936	
248	Baby-Forearm-26-51	"C(birth_mode_ms, Treatment(""Vag"")) + host_subject_id"	17	35	0.25	77.82961883544922	89.58022003173828	0.1311740604357281	
249	Baby-Forearm-26-51	"C(birth_mode_ms, Treatment(""Vag"")) + host_subject_id"	17	35	0.5	77.83141784667968	89.58026962280273	0.13115445873956566	
250	Baby-Forearm-26-51	"C(birth_mode_ms, Treatment(""Vag"")) + host_subject_id"	17	70	0.25	93.4935203552246	102.19977493286133	0.08518858855957534	
251	Baby-Forearm-26-51	"C(birth_mode_ms, Treatment(""Vag"")) + host_subject_id"	17	70	0.5	93.49460220336914	102.19976806640625	0.08517794147419944	
252	Baby-Forearm-26-51	"C(birth_mode_ms, Treatment(""Vag"")) + host_subject_id"	8	17	0.25	33.57780990600586	41.63364372253418	0.19349336489057056	
253	Baby-Forearm-26-51	"C(birth_mode_ms, Treatment(""Vag"")) + host_subject_id"	8	17	0.5	33.5800106048584	41.63376159667969	0.19344278976857043	
254	Baby-Forearm-26-51	"C(birth_mode_ms, Treatment(""Vag"")) + host_subject_id"	8	35	0.25	40.72708396911621	52.88986434936523	0.22996429523637074	
255	Baby-Forearm-26-51	"C(birth_mode_ms, Treatment(""Vag"")) + host_subject_id"	8	35	0.5	40.73331985473633	52.88989753723145	0.22984687527400838	
256	Baby-Forearm-26-51	"C(birth_mode_ms, Treatment(""Vag"")) + host_subject_id"	8	70	0.25	53.93120803833008	60.80482940673828	0.11304400383115754	
257	Baby-Forearm-26-51	"C(birth_mode_ms, Treatment(""Vag"")) + host_subject_id"	8	70	0.5	53.93309783935547	60.80482406616211	0.11301284614078444	
258	Baby-Forearm-4-17	"C(birth_mode_ms, Treatment(""Vag"")) + host_subject_id"	0	12	0.25	6.008623647689819	6.930505895614624	0.13301803097925924	Yes
259	Baby-Forearm-4-17	"C(birth_mode_ms, Treatment(""Vag"")) + host_subject_id"	0	12	0.5	6.032485151290894	6.9306478023529055	0.12959288607294284	
260	Baby-Forearm-4-17	"C(birth_mode_ms, Treatment(""Vag"")) + host_subject_id"	0	24	0.25	7.374373435974121	7.770619440078735	0.05099284647255853	
261	Baby-Forearm-4-17	"C(birth_mode_ms, Treatment(""Vag"")) + host_subject_id"	0	24	0.5	7.386595153808594	7.770639896392822	0.04942253761656157	
262	Baby-Forearm-4-17	"C(birth_mode_ms, Treatment(""Vag"")) + host_subject_id"	0	48	0.25	7.88726019859314	8.035459327697755	0.018443143454635047	
263	Baby-Forearm-4-17	"C(birth_mode_ms, Treatment(""Vag"")) + host_subject_id"	0	48	0.5	7.890996980667114	8.035459995269775	0.017978188515368365	
264	Baby-Forearm-4-17	"C(birth_mode_ms, Treatment(""Vag"")) + host_subject_id"	1	12	0.25	14.02813024520874	23.926222038269042	0.41369221506131215	
265	Baby-Forearm-4-17	"C(birth_mode_ms, Treatment(""Vag"")) + host_subject_id"	1	12	0.5	14.088269710540771	23.926457405090332	0.4111844694758905	
266	Baby-Forearm-4-17	"C(birth_mode_ms, Treatment(""Vag"")) + host_subject_id"	1	24	0.25	24.245059776306153	26.634713172912598	0.08971950931451045	
267	Baby-Forearm-4-17	"C(birth_mode_ms, Treatment(""Vag"")) + host_subject_id"	1	24	0.5	24.273357391357422	26.634741020202636	0.08865802851449123	
268	Baby-Forearm-4-17	"C(birth_mode_ms, Treatment(""Vag"")) + host_subject_id"	1	48	0.25	27.042225456237794	27.99336757659912	0.03397740974745844	
269	Baby-Forearm-4-17	"C(birth_mode_ms, Treatment(""Vag"")) + host_subject_id"	1	48	0.5	27.049995040893556	27.993371391296385	0.03369999051618844	
270	Baby-Forearm-4-17	"C(birth_mode_ms, Treatment(""Vag"")) + host_subject_id"	12	12	0.25	80.21607971191406	132.0503677368164	0.3925342194291417	
271	Baby-Forearm-4-17	"C(birth_mode_ms, Treatment(""Vag"")) + host_subject_id"	12	12	0.5	80.27695083618164	132.05071411132812	0.39207484505913026	
272	Baby-Forearm-4-17	"C(birth_mode_ms, Treatment(""Vag"")) + host_subject_id"	12	24	0.25	125.6498519897461	161.27672882080077	0.22090525453700594	
273	Baby-Forearm-4-17	"C(birth_mode_ms, Treatment(""Vag"")) + host_subject_id"	12	24	0.5	125.71203536987305	161.2767547607422	0.2205198104564432	
274	Baby-Forearm-4-17	"C(birth_mode_ms, Treatment(""Vag"")) + host_subject_id"	12	48	0.25	160.12641296386718	174.47594146728517	0.08224359406083825	
275	Baby-Forearm-4-17	"C(birth_mode_ms, Treatment(""Vag"")) + host_subject_id"	12	48	0.5	160.12950439453124	174.47589416503905	0.08222562686474832	
276	Baby-Forearm-4-17	"C(birth_mode_ms, Treatment(""Vag"")) + host_subject_id"	6	12	0.25	40.5732364654541	76.44318466186523	0.4692367063862707	
277	Baby-Forearm-4-17	"C(birth_mode_ms, Treatment(""Vag"")) + host_subject_id"	6	12	0.5	40.63104019165039	76.44356155395508	0.4684831610969309	
278	Baby-Forearm-4-17	"C(birth_mode_ms, Treatment(""Vag"")) + host_subject_id"	6	24	0.25	70.13665542602538	88.76769638061523	0.20988537175397992	
279	Baby-Forearm-4-17	"C(birth_mode_ms, Treatment(""Vag"")) + host_subject_id"	6	24	0.5	70.17040405273437	88.76774291992187	0.20950559578792394	
280	Baby-Forearm-4-17	"C(birth_mode_ms, Treatment(""Vag"")) + host_subject_id"	6	48	0.25	86.87192916870117	94.96968536376953	0.08526674763690023	
281	Baby-Forearm-4-17	"C(birth_mode_ms, Treatment(""Vag"")) + host_subject_id"	6	48	0.5	86.8838508605957	94.96967163085938	0.08514108379454777	
282	Baby-Mouth	"C(birth_mode_ms, Treatment(""Vag"")) + host_subject_id"	0	185	0.25	21.425814628601074	23.616106605529787	0.09274568469367628	
283	Baby-Mouth	"C(birth_mode_ms, Treatment(""Vag"")) + host_subject_id"	0	185	0.5	21.42853488922119	23.616106033325195	0.09263047604109997	
284	Baby-Mouth	"C(birth_mode_ms, Treatment(""Vag"")) + host_subject_id"	0	370	0.25	23.988393211364745	24.38257751464844	0.01616663796298312	
285	Baby-Mouth	"C(birth_mode_ms, Treatment(""Vag"")) + host_subject_id"	0	370	0.5	23.98852996826172	24.38257884979248	0.016161083040406754	
286	Baby-Mouth	"C(birth_mode_ms, Treatment(""Vag"")) + host_subject_id"	0	92	0.25	8.137447357177734	17.80278072357178	0.5429114426824713	Yes
287	Baby-Mouth	"C(birth_mode_ms, Treatment(""Vag"")) + host_subject_id"	0	92	0.5	8.143630313873292	17.802805519104005	0.5425647769316781	
288	Baby-Mouth	"C(birth_mode_ms, Treatment(""Vag"")) + host_subject_id"	46	185	0.25	504.1214080810547	790.1973571777344	0.36203101225044254	
289	Baby-Mouth	"C(birth_mode_ms, Treatment(""Vag"")) + host_subject_id"	46	185	0.5	504.12803649902344	790.1973571777344	0.3620226239435107	
290	Baby-Mouth	"C(birth_mode_ms, Treatment(""Vag"")) + host_subject_id"	46	370	0.25	790.2139587402344	867.6199096679687	0.0892164299887459	
291	Baby-Mouth	"C(birth_mode_ms, Treatment(""Vag"")) + host_subject_id"	46	370	0.5	790.2146606445312	867.619921875	0.0892156338033242	
292	Baby-Mouth	"C(birth_mode_ms, Treatment(""Vag"")) + host_subject_id"	46	92	0.25	315.0040740966797	355.9902038574219	0.11513274611668134	
293	Baby-Mouth	"C(birth_mode_ms, Treatment(""Vag"")) + host_subject_id"	46	92	0.5	315.0117706298828	355.99028930664065	0.11511133844850485	
294	Baby-Mouth	"C(birth_mode_ms, Treatment(""Vag"")) + host_subject_id"	9	185	0.25	147.38650970458986	277.46881713867185	0.46881775320024577	
295	Baby-Mouth	"C(birth_mode_ms, Treatment(""Vag"")) + host_subject_id"	9	185	0.5	147.39315490722657	277.4688354492188	0.4687938388878924	
296	Baby-Mouth	"C(birth_mode_ms, Treatment(""Vag"")) + host_subject_id"	9	370	0.25	268.1305725097656	307.8424346923828	0.12900061105058502	
297	Baby-Mouth	"C(birth_mode_ms, Treatment(""Vag"")) + host_subject_id"	9	370	0.5	268.1317169189453	307.84242858886716	0.12899687626541145	
298	Baby-Mouth	"C(birth_mode_ms, Treatment(""Vag"")) + host_subject_id"	9	92	0.25	98.63167343139648	126.28018035888672	0.2189457351811941	
299	Baby-Mouth	"C(birth_mode_ms, Treatment(""Vag"")) + host_subject_id"	9	92	0.5	98.63921127319335	126.28023300170898	0.2188863693983013	
300	Baby-Mouth	"C(birth_mode_ms, Treatment(""Vag"")) + host_subject_id"	92	185	0.25	979.4087829589844	1258.352197265625	0.22167356238800173	
301	Baby-Mouth	"C(birth_mode_ms, Treatment(""Vag"")) + host_subject_id"	92	185	0.5	979.4122619628906	1258.3521850585937	0.22167079010771107	
302	Baby-Mouth	"C(birth_mode_ms, Treatment(""Vag"")) + host_subject_id"	92	370	0.25	1325.9327514648437	1359.5358032226563	0.024716562578315115	
303	Baby-Mouth	"C(birth_mode_ms, Treatment(""Vag"")) + host_subject_id"	92	370	0.5	1325.9325927734376	1359.5357543945313	0.024716644275426858	
306	Baby-Mouth-0-2	"C(birth_mode_ms, Treatment(""Vag"")) + host_subject_id"	0	156	0.25	36.717341613769534	37.37040405273437	0.017475391436583942	
307	Baby-Mouth-0-2	"C(birth_mode_ms, Treatment(""Vag"")) + host_subject_id"	0	156	0.5	36.71899909973145	37.37040481567383	0.01743105859182903	
308	Baby-Mouth-0-2	"C(birth_mode_ms, Treatment(""Vag"")) + host_subject_id"	0	39	0.25	16.602242088317873	25.971570777893067	0.3607532547684926	Yes
309	Baby-Mouth-0-2	"C(birth_mode_ms, Treatment(""Vag"")) + host_subject_id"	0	39	0.5	16.61496696472168	25.971648025512696	0.36026520348649727	
310	Baby-Mouth-0-2	"C(birth_mode_ms, Treatment(""Vag"")) + host_subject_id"	0	78	0.25	31.989757919311522	36.46430892944336	0.12271042949942845	
311	Baby-Mouth-0-2	"C(birth_mode_ms, Treatment(""Vag"")) + host_subject_id"	0	78	0.5	32.00062503814697	36.46431274414063	0.12241250060885678	
312	Baby-Mouth-0-2	"C(birth_mode_ms, Treatment(""Vag"")) + host_subject_id"	19	156	0.25	816.1654357910156	836.9572082519531	0.02484209736882803	
313	Baby-Mouth-0-2	"C(birth_mode_ms, Treatment(""Vag"")) + host_subject_id"	19	156	0.5	816.1696044921875	836.9571838378906	0.024837088141571373	
314	Baby-Mouth-0-2	"C(birth_mode_ms, Treatment(""Vag"")) + host_subject_id"	19	39	0.25	287.0247344970703	344.37914123535154	0.1665443688968512	
315	Baby-Mouth-0-2	"C(birth_mode_ms, Treatment(""Vag"")) + host_subject_id"	19	39	0.5	287.02394104003906	344.3793609619141	0.166547204692148	
316	Baby-Mouth-0-2	"C(birth_mode_ms, Treatment(""Vag"")) + host_subject_id"	19	78	0.25	625.3517333984375	769.9711608886719	0.18782447296249383	
317	Baby-Mouth-0-2	"C(birth_mode_ms, Treatment(""Vag"")) + host_subject_id"	19	78	0.5	625.3782836914063	769.9711975097656	0.18779002940110034	
318	Baby-Mouth-0-2	"C(birth_mode_ms, Treatment(""Vag"")) + host_subject_id"	3	156	0.25	241.97459564208984	245.66970825195312	0.015040977726377469	
319	Baby-Mouth-0-2	"C(birth_mode_ms, Treatment(""Vag"")) + host_subject_id"	3	156	0.5	241.97681121826173	245.66971435546876	0.015031983681405792	
320	Baby-Mouth-0-2	"C(birth_mode_ms, Treatment(""Vag"")) + host_subject_id"	3	39	0.25	93.00829849243163	122.26254425048828	0.23927398155661894	
321	Baby-Mouth-0-2	"C(birth_mode_ms, Treatment(""Vag"")) + host_subject_id"	3	39	0.5	92.9878158569336	122.26276245117188	0.23944286884512223	
322	Baby-Mouth-0-2	"C(birth_mode_ms, Treatment(""Vag"")) + host_subject_id"	3	78	0.25	202.80899353027343	233.49359741210938	0.1314151832081225	
323	Baby-Mouth-0-2	"C(birth_mode_ms, Treatment(""Vag"")) + host_subject_id"	3	78	0.5	202.82553405761718	233.4936096191406	0.1313443893027616	
324	Baby-Mouth-0-2	"C(birth_mode_ms, Treatment(""Vag"")) + host_subject_id"	39	156	0.25	1538.6204956054687	1723.0409912109376	0.10703198388557189	
325	Baby-Mouth-0-2	"C(birth_mode_ms, Treatment(""Vag"")) + host_subject_id"	39	156	0.5	1538.658447265625	1723.041015625	0.10700997056213069	
326	Baby-Mouth-0-2	"C(birth_mode_ms, Treatment(""Vag"")) + host_subject_id"	39	39	0.25	433.6153259277344	678.9901245117187	0.3613819843999062	
327	Baby-Mouth-0-2	"C(birth_mode_ms, Treatment(""Vag"")) + host_subject_id"	39	39	0.5	433.6422882080078	678.9902648925781	0.3613424070570237	
328	Baby-Mouth-0-2	"C(birth_mode_ms, Treatment(""Vag"")) + host_subject_id"	39	78	0.25	927.4477172851563	1516.3174438476562	0.3883551751988309	
329	Baby-Mouth-0-2	"C(birth_mode_ms, Treatment(""Vag"")) + host_subject_id"	39	78	0.5	927.5707885742188	1516.3175415039063	0.38827405000258697	
330	Baby-Mouth-17-26	"C(birth_mode_ms, Treatment(""Vag"")) + host_subject_id"	0	15	0.25	70.17797546386718	80.67819442749024	0.13014940453408586	
331	Baby-Mouth-17-26	"C(birth_mode_ms, Treatment(""Vag"")) + host_subject_id"	0	15	0.5	70.1861686706543	80.6782211303711	0.13004813830441653	
332	Baby-Mouth-17-26	"C(birth_mode_ms, Treatment(""Vag"")) + host_subject_id"	0	30	0.25	85.06115417480468	87.96342315673829	0.03299404318044985	
333	Baby-Mouth-17-26	"C(birth_mode_ms, Treatment(""Vag"")) + host_subject_id"	0	30	0.5	85.0911376953125	87.96341018676758	0.032653037045250355	
334	Baby-Mouth-17-26	"C(birth_mode_ms, Treatment(""Vag"")) + host_subject_id"	0	7	0.25	47.09518241882324	49.410583114624025	0.04686042037653049	
335	Baby-Mouth-17-26	"C(birth_mode_ms, Treatment(""Vag"")) + host_subject_id"	0	7	0.5	46.96427230834961	49.41108589172363	0.04951952662477033	Yes
336	Baby-Mouth-17-26	"C(birth_mode_ms, Treatment(""Vag"")) + host_subject_id"	3	15	0.25	347.2016845703125	394.0990417480469	0.11899891197329149	
337	Baby-Mouth-17-26	"C(birth_mode_ms, Treatment(""Vag"")) + host_subject_id"	3	15	0.5	346.9689483642578	394.0990783691406	0.11958954636462626	
338	Baby-Mouth-17-26	"C(birth_mode_ms, Treatment(""Vag"")) + host_subject_id"	3	30	0.25	435.9471862792969	448.55309143066404	0.028103485166405817	
339	Baby-Mouth-17-26	"C(birth_mode_ms, Treatment(""Vag"")) + host_subject_id"	3	30	0.5	436.213720703125	448.55311279296876	0.027509322169254613	
340	Baby-Mouth-17-26	"C(birth_mode_ms, Treatment(""Vag"")) + host_subject_id"	3	7	0.25	207.82325439453126	221.08270568847655	0.059975072462831736	
341	Baby-Mouth-17-26	"C(birth_mode_ms, Treatment(""Vag"")) + host_subject_id"	3	7	0.5	207.74747314453126	221.08311309814454	0.06031957740568472	
342	Baby-Mouth-17-26	"C(birth_mode_ms, Treatment(""Vag"")) + host_subject_id"	7	15	0.25	559.3362365722656	636.9382995605469	0.12183607586766643	
343	Baby-Mouth-17-26	"C(birth_mode_ms, Treatment(""Vag"")) + host_subject_id"	7	15	0.5	558.3212890625	636.9383483886719	0.12342962160318582	
344	Baby-Mouth-17-26	"C(birth_mode_ms, Treatment(""Vag"")) + host_subject_id"	7	30	0.25	695.3065856933594	732.3424682617188	0.050571807826831905	
345	Baby-Mouth-17-26	"C(birth_mode_ms, Treatment(""Vag"")) + host_subject_id"	7	30	0.5	694.0086181640625	732.3424865722657	0.052344182006461404	
348	Baby-Mouth-2-4	"C(birth_mode_ms, Treatment(""Vag"")) + host_subject_id"	0	16	0.25	9.526339244842529	22.820795249938964	0.5825588398428838	Yes
349	Baby-Mouth-2-4	"C(birth_mode_ms, Treatment(""Vag"")) + host_subject_id"	0	16	0.5	9.56446943283081	22.820931434631348	0.5808904881806671	
350	Baby-Mouth-2-4	"C(birth_mode_ms, Treatment(""Vag"")) + host_subject_id"	0	32	0.25	37.47436752319336	43.3557804107666	0.13565464239948732	
351	Baby-Mouth-2-4	"C(birth_mode_ms, Treatment(""Vag"")) + host_subject_id"	0	32	0.5	37.510948944091794	43.355777740478516	0.13481083954653128	
352	Baby-Mouth-2-4	"C(birth_mode_ms, Treatment(""Vag"")) + host_subject_id"	0	65	0.25	44.57350196838379	45.43933868408203	0.01905478250284387	
353	Baby-Mouth-2-4	"C(birth_mode_ms, Treatment(""Vag"")) + host_subject_id"	0	65	0.5	44.57688331604004	45.439337158203124	0.01898033501589902	
354	Baby-Mouth-2-4	"C(birth_mode_ms, Treatment(""Vag"")) + host_subject_id"	1	16	0.25	44.67972679138184	54.38630256652832	0.17847464006719094	
355	Baby-Mouth-2-4	"C(birth_mode_ms, Treatment(""Vag"")) + host_subject_id"	1	16	0.5	44.72013549804687	54.38649368286133	0.17773453536425698	
356	Baby-Mouth-2-4	"C(birth_mode_ms, Treatment(""Vag"")) + host_subject_id"	1	32	0.25	109.25612258911133	123.6595832824707	0.11647670411809585	
357	Baby-Mouth-2-4	"C(birth_mode_ms, Treatment(""Vag"")) + host_subject_id"	1	32	0.5	109.29130935668945	123.65959396362305	0.11619223504130471	
358	Baby-Mouth-2-4	"C(birth_mode_ms, Treatment(""Vag"")) + host_subject_id"	1	65	0.25	128.13483581542968	134.91678009033203	0.0502676114146926	
359	Baby-Mouth-2-4	"C(birth_mode_ms, Treatment(""Vag"")) + host_subject_id"	1	65	0.5	128.14031677246095	134.9167724609375	0.0502269329815056	
360	Baby-Mouth-2-4	"C(birth_mode_ms, Treatment(""Vag"")) + host_subject_id"	16	16	0.25	176.62277374267578	238.06798400878907	0.2580994270268817	
361	Baby-Mouth-2-4	"C(birth_mode_ms, Treatment(""Vag"")) + host_subject_id"	16	16	0.5	177.00050201416016	238.0680908203125	0.2565131202410681	
362	Baby-Mouth-2-4	"C(birth_mode_ms, Treatment(""Vag"")) + host_subject_id"	16	32	0.25	508.57005004882814	658.1654357910156	0.2272914644361359	
363	Baby-Mouth-2-4	"C(birth_mode_ms, Treatment(""Vag"")) + host_subject_id"	16	32	0.5	507.4325714111328	658.1654418945312	0.22901972800260284	
364	Baby-Mouth-2-4	"C(birth_mode_ms, Treatment(""Vag"")) + host_subject_id"	16	65	0.25	763.1902587890625	777.5736511230468	0.018497787718514513	
365	Baby-Mouth-2-4	"C(birth_mode_ms, Treatment(""Vag"")) + host_subject_id"	16	65	0.5	763.1656616210937	777.5736389160156	0.018529405542872412	
366	Baby-Mouth-2-4	"C(birth_mode_ms, Treatment(""Vag"")) + host_subject_id"	8	16	0.25	106.67107543945312	154.35703735351564	0.30893286585210833	
367	Baby-Mouth-2-4	"C(birth_mode_ms, Treatment(""Vag"")) + host_subject_id"	8	16	0.5	106.15764465332032	154.3571990966797	0.3122598409755426	
368	Baby-Mouth-2-4	"C(birth_mode_ms, Treatment(""Vag"")) + host_subject_id"	8	32	0.25	325.8780029296875	417.3102600097656	0.21909899142651912	
369	Baby-Mouth-2-4	"C(birth_mode_ms, Treatment(""Vag"")) + host_subject_id"	8	32	0.5	325.6286987304687	417.3102752685547	0.21969642726646366	
370	Baby-Mouth-2-4	"C(birth_mode_ms, Treatment(""Vag"")) + host_subject_id"	8	65	0.25	437.15198974609376	476.9243133544922	0.08339336556078691	
371	Baby-Mouth-2-4	"C(birth_mode_ms, Treatment(""Vag"")) + host_subject_id"	8	65	0.5	437.1577453613281	476.92430114746094	0.08338127390543126	
372	Baby-Mouth-26-51	"C(birth_mode_ms, Treatment(""Vag"")) + host_subject_id"	0	15	0.25	74.60727767944336	84.1190200805664	0.11307481223643612	Yes
373	Baby-Mouth-26-51	"C(birth_mode_ms, Treatment(""Vag"")) + host_subject_id"	0	15	0.5	74.63091354370117	84.11924209594727	0.11279617262152242	
374	Baby-Mouth-26-51	"C(birth_mode_ms, Treatment(""Vag"")) + host_subject_id"	0	31	0.25	93.21414794921876	114.24465408325196	0.18408306544223874	
375	Baby-Mouth-26-51	"C(birth_mode_ms, Treatment(""Vag"")) + host_subject_id"	0	31	0.5	93.23433380126953	114.24469375610352	0.1839066591546753	
376	Baby-Mouth-26-51	"C(birth_mode_ms, Treatment(""Vag"")) + host_subject_id"	0	63	0.25	116.18986206054687	122.08739318847657	0.04830581580872306	
377	Baby-Mouth-26-51	"C(birth_mode_ms, Treatment(""Vag"")) + host_subject_id"	0	63	0.5	116.06870574951172	122.08738632202149	0.049298135981342917	
378	Baby-Mouth-26-51	"C(birth_mode_ms, Treatment(""Vag"")) + host_subject_id"	1	15	0.25	230.95296478271484	245.42645111083985	0.05897280534602389	
379	Baby-Mouth-26-51	"C(birth_mode_ms, Treatment(""Vag"")) + host_subject_id"	1	15	0.5	230.9881362915039	245.42664184570313	0.05883022904773538	
380	Baby-Mouth-26-51	"C(birth_mode_ms, Treatment(""Vag"")) + host_subject_id"	1	31	0.25	255.80611114501954	287.44996948242186	0.11008475107643878	
381	Baby-Mouth-26-51	"C(birth_mode_ms, Treatment(""Vag"")) + host_subject_id"	1	31	0.5	255.39781188964844	287.4501068115234	0.11150559405737559	
382	Baby-Mouth-26-51	"C(birth_mode_ms, Treatment(""Vag"")) + host_subject_id"	1	63	0.25	310.6927490234375	346.8980316162109	0.10436865964356057	
383	Baby-Mouth-26-51	"C(birth_mode_ms, Treatment(""Vag"")) + host_subject_id"	1	63	0.5	310.9991485595703	346.8980346679688	0.10348541219831031	
384	Baby-Mouth-26-51	"C(birth_mode_ms, Treatment(""Vag"")) + host_subject_id"	15	15	0.25	1094.8848510742187	1189.0677612304687	0.07920735321155115	
385	Baby-Mouth-26-51	"C(birth_mode_ms, Treatment(""Vag"")) + host_subject_id"	15	15	0.5	1094.5530151367188	1189.0682983398438	0.0794868413657025	
386	Baby-Mouth-26-51	"C(birth_mode_ms, Treatment(""Vag"")) + host_subject_id"	15	31	0.25	1345.6243408203125	1540.4893188476562	0.12649550739703286	
387	Baby-Mouth-26-51	"C(birth_mode_ms, Treatment(""Vag"")) + host_subject_id"	15	31	0.5	1347.412060546875	1540.4895874023437	0.12533517164568853	
388	Baby-Mouth-26-51	"C(birth_mode_ms, Treatment(""Vag"")) + host_subject_id"	15	63	0.25	1646.1202758789063	1693.1689453125	0.02778734488595891	
389	Baby-Mouth-26-51	"C(birth_mode_ms, Treatment(""Vag"")) + host_subject_id"	15	63	0.5	1647.0449951171875	1693.1690795898437	0.027241274972862994	
390	Baby-Mouth-26-51	"C(birth_mode_ms, Treatment(""Vag"")) + host_subject_id"	7	15	0.25	671.6746765136719	740.6499938964844	0.09312808742485823	
391	Baby-Mouth-26-51	"C(birth_mode_ms, Treatment(""Vag"")) + host_subject_id"	7	15	0.5	671.420654296875	740.6503662109375	0.09347151513369512	
392	Baby-Mouth-26-51	"C(birth_mode_ms, Treatment(""Vag"")) + host_subject_id"	7	31	0.25	812.3982421875	932.2828125	0.12859249221919977	
393	Baby-Mouth-26-51	"C(birth_mode_ms, Treatment(""Vag"")) + host_subject_id"	7	31	0.5	811.9679382324218	932.2829467773438	0.12905417712596723	
394	Baby-Mouth-26-51	"C(birth_mode_ms, Treatment(""Vag"")) + host_subject_id"	7	63	0.25	955.9542419433594	1015.0348388671875	0.05820548680847648	
395	Baby-Mouth-26-51	"C(birth_mode_ms, Treatment(""Vag"")) + host_subject_id"	7	63	0.5	951.3647033691407	1015.03486328125	0.06272706703520126	
396	Baby-Mouth-4-17	"C(birth_mode_ms, Treatment(""Vag"")) + host_subject_id"	0	13	0.25	27.356241035461426	46.02792854309082	0.4056599568705156	Yes
397	Baby-Mouth-4-17	"C(birth_mode_ms, Treatment(""Vag"")) + host_subject_id"	0	13	0.5	27.382080268859863	46.02821044921875	0.4051022187997181	
398	Baby-Mouth-4-17	"C(birth_mode_ms, Treatment(""Vag"")) + host_subject_id"	0	27	0.25	31.430388259887696	66.0508201599121	0.5241484029449859	
399	Baby-Mouth-4-17	"C(birth_mode_ms, Treatment(""Vag"")) + host_subject_id"	0	27	0.5	31.602659034729005	66.05083770751953	0.5215403750870035	
400	Baby-Mouth-4-17	"C(birth_mode_ms, Treatment(""Vag"")) + host_subject_id"	0	55	0.25	61.23141212463379	69.92390289306641	0.12431358103288248	
401	Baby-Mouth-4-17	"C(birth_mode_ms, Treatment(""Vag"")) + host_subject_id"	0	55	0.5	61.285465240478516	69.92390594482421	0.12354059155622898	
402	Baby-Mouth-4-17	"C(birth_mode_ms, Treatment(""Vag"")) + host_subject_id"	1	13	0.25	87.09185104370117	108.11873168945313	0.1944795348334919	
403	Baby-Mouth-4-17	"C(birth_mode_ms, Treatment(""Vag"")) + host_subject_id"	1	13	0.5	87.13070831298828	108.11919174194335	0.1941235694681288	
404	Baby-Mouth-4-17	"C(birth_mode_ms, Treatment(""Vag"")) + host_subject_id"	1	27	0.25	101.54243621826171	197.88951110839844	0.4868730755384021	
405	Baby-Mouth-4-17	"C(birth_mode_ms, Treatment(""Vag"")) + host_subject_id"	1	27	0.5	101.53850402832032	197.88954010009766	0.4868930213443343	
406	Baby-Mouth-4-17	"C(birth_mode_ms, Treatment(""Vag"")) + host_subject_id"	1	55	0.25	165.8492172241211	219.83038330078125	0.24555825844510681	
407	Baby-Mouth-4-17	"C(birth_mode_ms, Treatment(""Vag"")) + host_subject_id"	1	55	0.5	165.9991683959961	219.83040313720704	0.24487620444207714	
408	Baby-Mouth-4-17	"C(birth_mode_ms, Treatment(""Vag"")) + host_subject_id"	13	13	0.25	438.7072448730469	528.4183532714844	0.16977288514493905	
409	Baby-Mouth-4-17	"C(birth_mode_ms, Treatment(""Vag"")) + host_subject_id"	13	13	0.5	438.7793029785156	528.418896484375	0.1696373731186389	
410	Baby-Mouth-4-17	"C(birth_mode_ms, Treatment(""Vag"")) + host_subject_id"	13	27	0.25	451.6852630615234	950.7466247558593	0.5249152073745085	
411	Baby-Mouth-4-17	"C(birth_mode_ms, Treatment(""Vag"")) + host_subject_id"	13	27	0.5	451.5454620361328	950.7466979980469	0.525062287371667	
412	Baby-Mouth-4-17	"C(birth_mode_ms, Treatment(""Vag"")) + host_subject_id"	13	55	0.25	870.4768249511719	1070.1224975585938	0.18656338228838176	
413	Baby-Mouth-4-17	"C(birth_mode_ms, Treatment(""Vag"")) + host_subject_id"	13	55	0.5	870.2993774414062	1070.1224487304687	0.18672916499053072	
414	Baby-Mouth-4-17	"C(birth_mode_ms, Treatment(""Vag"")) + host_subject_id"	6	13	0.25	253.62470397949218	328.82972412109376	0.22870505500259097	
415	Baby-Mouth-4-17	"C(birth_mode_ms, Treatment(""Vag"")) + host_subject_id"	6	13	0.5	253.60089111328125	328.8302825927734	0.22877878182727152	
416	Baby-Mouth-4-17	"C(birth_mode_ms, Treatment(""Vag"")) + host_subject_id"	6	27	0.25	260.05369873046874	540.2031677246093	0.5186001966152081	
417	Baby-Mouth-4-17	"C(birth_mode_ms, Treatment(""Vag"")) + host_subject_id"	6	27	0.5	260.2002716064453	540.2031677246093	0.5183288674473434	
418	Baby-Mouth-4-17	"C(birth_mode_ms, Treatment(""Vag"")) + host_subject_id"	6	55	0.25	531.4872985839844	588.4249267578125	0.09676277394900856	
419	Baby-Mouth-4-17	"C(birth_mode_ms, Treatment(""Vag"")) + host_subject_id"	6	55	0.5	531.6902221679687	588.42490234375	0.0964178775401956	
