body_site	days	Taxonomy	featureid	VaginaASV	seeding.effectiveness.scale	feature.frequency	P.VD	P.CSR	P.CS
Feces	2	Actinobacteria.Actinobacteria.Bifidobacteriales.Bifidobacteriaceae.Bifidobacterium.unknown	TACGTAGGGTGCAAGCGTTATCCGGAATTATTGGGCGTAAAGGGCTCGTAGGCGGTTCGTCGCGTCCGGTGTGAAAGTCCATCGCTTAACGGTGGATCCG	TRUE	0.966	0.899	0.551	0.411	0.038
Feces	2	Bacteroidetes.Bacteroidia.Bacteroidales.[Odoribacteraceae].Odoribacter.unknown	TACGGAGGATGCGAGCGTTATCCGGATTTATTGGGTTTAAAGGGTGCGTAGGCGGTTTATTAAGTTAGTGGTTAAATATTTGAGCTAAACTCAATTGTGC	FALSE	0.839	0.127	0.453	0.315	0.232
Feces	2	Bacteroidetes.Bacteroidia.Bacteroidales.Bacteroidaceae.Bacteroides.unknown	TACGGAGGATCCGAGCGTTATCCGGATTTATTGGGTTTAAAGGGAGCGTAGGTGGATTGTTAAGTCAGTTGTGAAAGTTTGCGGCTCAACCGTAAAATTG	FALSE	0.922	0.405	0.569	0.348	0.082
Feces	2	Bacteroidetes.Bacteroidia.Bacteroidales.Bacteroidaceae.Bacteroides.unknown	TACGGAGGATCCGAGCGTTATCCGGATTTATTGGGTTTAAAGGGAGCGTAGATGGATGTTTAAGTCAGTTGTGAAAGTTTGCGGCTCAACCGTAAAATTG	TRUE	0.949	0.696	0.528	0.396	0.076
Feces	2	Bacteroidetes.Bacteroidia.Bacteroidales.Bacteroidaceae.Bacteroides.unknown	TACGGAGGATGCGAGCGTTATCCGGATTTATTGGGTTTAAAGGGAGCGCAGACGGGACTTTAAGTCAGCTGTGAAATTTTCCGGCTCAACCGGGAAACTG	FALSE	0.777	0.101	0.296	0.328	0.377
Feces	2	Bacteroidetes.Bacteroidia.Bacteroidales.Bacteroidaceae.Bacteroides.caccae	TACGGAGGATCCGAGCGTTATCCGGATTTATTGGGTTTAAAGGGAGCGTAGGCGGATTGTTAAGTCAGTTGTGAAAGTTTGCGGCTCAACCGTAAAATTG	TRUE	0.903	0.127	0.335	0.561	0.104
Feces	2	Bacteroidetes.Bacteroidia.Bacteroidales.Bacteroidaceae.Bacteroides.uniformis	TACGGAGGATCCGAGCGTTATCCGGATTTATTGGGTTTAAAGGGAGCGTAGGCGGACGCTTAAGTCAGTTGTGAAAGTTTGCGGCTCAACCGTAAAATTG	TRUE	0.953	0.329	0.412	0.511	0.077
Feces	2	Bacteroidetes.Bacteroidia.Bacteroidales.Porphyromonadaceae.Parabacteroides.distasonis	TACGGAGGATCCGAGCGTTATCCGGATTTATTGGGTTTAAAGGGTGCGTAGGCGGCCTTTTAAGTCAGCGGTGAAAGTCTGTGGCTCAACCATAGAATTG	FALSE	0.975	0.405	0.481	0.485	0.034
Feces	2	Bacteroidetes.Bacteroidia.Bacteroidales.Prevotellaceae.Prevotella.unknown	TACGGAAGGTCCGGGCGTTATCCGGATTTATTGGGTTTAAAGGGAGTGTAGGCGGCCTGTTAAGCGTGTTGTGAAATGTAGATGCTCAACATCTGAACTG	TRUE	0.852	0.165	0.413	0.345	0.242
Feces	2	Bacteroidetes.Bacteroidia.Bacteroidales.Prevotellaceae.Prevotella.unknown	TACGGAAGGTTCGGGCGTTATCCGGATTTATTGGGTTTAAAGGGAGCGTAGGCCGTTTGGTAAGCGTGTTGTGAAATGTAGTAGCTCAACTTCTAGATTG	TRUE	0.813	0.127	0.376	0.32	0.304
Feces	2	Firmicutes.Bacilli.Lactobacillales.Streptococcaceae.Streptococcus.unknown	TACGTAGGTCCCGAGCGTTGTCCGGATTTATTGGGCGTAAAGCGAGCGCAGGCGGTTTAATAAGTCTGAAGTTAAAGGCAGTGGCTTAACCATTGTTCGC	TRUE	0.975	0.177	0.453	0.516	0.03
Feces	2	Firmicutes.Bacilli.Lactobacillales.Streptococcaceae.Streptococcus.unknown	TACGTAGGTCCCGAGCGTTGTCCGGATTTATTGGGCGTAAAGCGAGCGCAGGCGGTTAGATAAGTCTGAAGTTAAAGGCTGTGGCTTAACCATAGTACGC	TRUE	0.94	0.532	0.474	0.415	0.111
Feces	2	Firmicutes.Clostridia.Clostridiales.Christensenellaceae.unknown.unknown	TACGTAGGGGGCGAGCGTTGTCCGGAATTACTGGGCGTAAAGGGTGCGTAGGCGGTTAATTAAGTTGGATGTGAAATTCCCGGGCTTAACTTGGGAGCTG	FALSE	0.891	0.101	0.533	0.333	0.134
Feces	2	Firmicutes.Clostridia.Clostridiales.Christensenellaceae.unknown.unknown	TACGTAGGGGGCGAGCGTTGTCCGGAATTACTGGGCGTAAAGGGAGCGTAGGCGGTCGATTAAGTTAGATGTGAAACCCCCGGGCTTAACTTGGGGACTG	FALSE	0.774	0.114	0.396	0.271	0.333
Feces	2	Firmicutes.Clostridia.Clostridiales.Clostridiaceae.Clostridium.unknown	TACGTAGGTGACAAGCGTTGTCCGGATTTACTGGGTGTAAAGGGCGCGTAGGCGGACTGTCAAGTCAGTCGTGAAATACCGGGGCTTAACCCCGGGGCTG	FALSE	0.873	0.139	0.322	0.523	0.155
Feces	2	Firmicutes.Clostridia.Clostridiales.Clostridiaceae.Clostridium.butyricum	TACGTAGGTGGCAAGCGTTGTCCGGATTTACTGGGCGTAAAGGGAGCGTAGGTGGATATTTAAGTGGGATGTGAAATACCCGGGCTTAACCTGGGTGCTG	FALSE	0.805	0.127	0.44	0.29	0.27
Feces	2	Firmicutes.Clostridia.Clostridiales.Lachnospiraceae.unknown.unknown	TACGTAGGGGGCAAGCGTTATCCGGATTTACTGGGTGTAAAGGGAGCGTAGACGGCACAGCAAGTCTGAAGTGAAATCCCCGGGCTCAACCCGGGAACTG	FALSE	0.925	0.114	0.529	0.366	0.105
Feces	2	Firmicutes.Clostridia.Clostridiales.Lachnospiraceae.unknown.unknown	TACGTATGGTGCAAGCGTTATCCGGATTTACTGGGTGTAAAGGGAGCGTAGGTGGCAAGGCAAGCCAGAAGTGAAAACCCGGGGCTCAACCGCGGGATTG	FALSE	0.892	0.203	0.393	0.416	0.191
Feces	2	Firmicutes.Clostridia.Clostridiales.Lachnospiraceae.[Ruminococcus].unknown	TACGTATGGTGCAAGCGTTATCCGGATTTACTGGGTGTAAAGGGAGCGTAGACGGAGTGGCAAGTCTGATGTGAAAACCCGGGGCTCAACCCCGGGACTG	FALSE	0.8	0.215	0.306	0.373	0.321
Feces	2	Firmicutes.Clostridia.Clostridiales.Lachnospiraceae.Blautia.unknown	TACGTAGGGGGCAAGCGTTATCCGGATTTACTGGGTGTAAAGGGAGCGTAGACGGCGCAGCAAGTCTGATGTGAAAGGCAGGGGCTTAACCCCTGGACTG	FALSE	0.877	0.228	0.486	0.337	0.177
Feces	2	Firmicutes.Clostridia.Clostridiales.Lachnospiraceae.Blautia.producta	TACGTAGGGGGCAAGCGTTATCCGGATTTACTGGGTGTAAAGGGAGCGTAGACGGAAGAGCAAGTCTGATGTGAAAGGCTGGGGCTTAACCCCAGGACTG	FALSE	0.889	0.165	0.349	0.483	0.168
Feces	2	Firmicutes.Clostridia.Clostridiales.Ruminococcaceae.unknown.unknown	TACGTAGGTGGCGAGCGTTATCCGGATTTACTGGGTGTAAAGGGCGCGTAGGCGGGAATGCAAGTCAGATGTGAAATCCAAGGGCTCAACCCTTGAACTG	FALSE	0.802	0.101	0.32	0.354	0.326
Feces	2	Firmicutes.Clostridia.Clostridiales.Ruminococcaceae.Faecalibacterium.prausnitzii	AACGTAGGGTGCAAGCGTTGTCCGGAATTACTGGGTGTAAAGGGAGCGCAGGCGGGAAGACAAGTTGGAAGTGAAAACCATGGGCTCAACCCATGAATTG	FALSE	0.89	0.278	0.44	0.372	0.189
Feces	2	Firmicutes.Clostridia.Clostridiales.Ruminococcaceae.Gemmiger.formicilis	AACGTAGGGTGCAAGCGTTGTCCGGAATTACTGGGTGTAAAGGGAGCGCAGGCGGACCGGCAAGTTGGAAGTGAAAACTATGGGCTCAACCCATAAATTG	TRUE	0.788	0.253	0.606	0.264	0.13
Feces	2	Firmicutes.Clostridia.Clostridiales.Ruminococcaceae.Oscillospira.unknown	TACGTAGGTGGCAAGCGTTGTCCGGATTTACTGGGTGTAAAGGGCGTGTAGCCGGGAAGGCAAGTCAGATGTGAAATCCACGGGCTTAACTCGTGAACTG	FALSE	0.801	0.165	0.325	0.344	0.331
Feces	2	Firmicutes.Clostridia.Clostridiales.Ruminococcaceae.Ruminococcus.unknown	TACGTAGGTGGCAAGCGTTGTCCGGAATTACTGGGTGTAAAGGGAGTGTAGGCGGGATATCAAGTCAGAAGTGAAAATTACGGGCTCAACTCGTAACCTG	FALSE	0.897	0.19	0.34	0.527	0.133
Feces	2	Firmicutes.Clostridia.Clostridiales.Ruminococcaceae.Ruminococcus.flavefaciens	TACGTAGGGAGCGAGCGTTGTCCGGAATTACTGGGTGTAAAGGGAGCGTAGGCGGGATCGCAAGTCAGATGTGAAAACTATGGGCTTAACCCATAAACTG	FALSE	0.813	0.152	0.461	0.292	0.247
Feces	2	Firmicutes.Clostridia.Clostridiales.Veillonellaceae.Veillonella.dispar	TACGTAGGTGGCAAGCGTTGTCCGGAATTATTGGGCGTAAAGCGCGCGCAGGCGGATAGGTCAGTCTGTCTTAAAAGTTCGGGGCTTAACCCCGTGATGG	TRUE	0.822	0.278	0.29	0.513	0.198
Feces	2	Firmicutes.Erysipelotrichi.Erysipelotrichales.Erysipelotrichaceae.Clostridium.ramosum	TACGTAGGTGGCAAGCGTTATCCGGAATTATTGGGCGTAAAGAGGGAGCAGGCGGCAGCAAGGGTCTGTGGTGAAAGCCTGAAGCTTAACTTCAGTAAGC	FALSE	0.896	0.43	0.625	0.316	0.059
Feces	2	Proteobacteria.Betaproteobacteria.Burkholderiales.Alcaligenaceae.Sutterella.unknown	TACGTAGGGTGCGAGCGTTAATCGGAATTACTGGGCGTAAAGGGTGCGCAGGCGGTTGAGTAAGACAGATGTGAAATCCCCGAGCTTAACTCGGGAATGG	FALSE	0.788	0.253	0.325	0.318	0.357
Feces	2	Proteobacteria.Gammaproteobacteria.Pseudomonadales.Moraxellaceae.Acinetobacter.guillouiae	TACAGAGGGTGCGAGCGTTAATCGGATTTACTGGGCGTAAAGCGTGCGTAGGCGGCTTATTAAGTCGGATGTGAAATCCCCGAGCTTAACTTGGGAATTG	FALSE	0.849	0.152	0.396	0.352	0.251
Feces	30	Actinobacteria.Actinobacteria.Actinomycetales.Actinomycetaceae.Actinomyces.unknown	TACGTAGGGCGCGAGCGTTGTCCGGAATTATTGGGCGTAAAGGGCTTGTAGGCGGTTGGTCGCGTCTGCCGTGAAATCCTCTGGCTTAACTGGGGGCGTG	FALSE	0.832	0.156	0.428	0.334	0.238
Feces	30	Actinobacteria.Actinobacteria.Actinomycetales.Micrococcaceae.Rothia.mucilaginosa	TACGTAGGGCGCGAGCGTTGTCCGGAATTATTGGGCGTAAAGAGCTTGTAGGCGGTTTGTCGCGTCTGCTGTGAAAGGCCGGGGCTTAACCCCGTGTATT	FALSE	0.893	0.326	0.453	0.38	0.168
Feces	30	Actinobacteria.Actinobacteria.Actinomycetales.Micrococcaceae.Rothia.mucilaginosa	TACGTAGGGCGCGAGCGTTGTCCGGAATTATTGGGCGTAAAGAGCTTGTAGGCGGTTTGTCGCGTCTGCTGTGAAAGGCCGGAGCTTAACTCCGTGTATT	FALSE	0.812	0.22	0.351	0.368	0.281
Feces	30	Actinobacteria.Actinobacteria.Bifidobacteriales.Bifidobacteriaceae.Bifidobacterium.unknown	TACGTAGGGTGCAAGCGTTATCCGGAATTATTGGGCGTAAAGGGCTCGTAGGCGGTTCGTCGCGTCCGGTGTGAAAGTCCATCGCTTAACGGTGGATCCG	TRUE	0.957	0.83	0.527	0.414	0.06
Feces	30	Bacteroidetes.Bacteroidia.Bacteroidales.Bacteroidaceae.Bacteroides.unknown	TACGGAGGATCCGAGCGTTATCCGGATTTATTGGGTTTAAAGGGAGCGTAGGTGGACAGTTAAGTCAGTTGTGAAAGTTTGCGGCTCAACCGTAAAATTG	FALSE	0.947	0.149	0.515	0.406	0.079
Feces	30	Bacteroidetes.Bacteroidia.Bacteroidales.Bacteroidaceae.Bacteroides.unknown	TACGGAGGATCCGAGCGTTATCCGGATTTATTGGGTTTAAAGGGAGCGTAGATGGATGTTTAAGTCAGTTGTGAAAGTTTGCGGCTCAACCGTAAAATTG	TRUE	0.947	0.631	0.503	0.413	0.084
Feces	30	Bacteroidetes.Bacteroidia.Bacteroidales.Bacteroidaceae.Bacteroides.fragilis	TACGGAGGATCCGAGCGTTATCCGGATTTATTGGGTTTAAAGGGAGCGTAGGTGGACTGGTAAGTCAGTTGTGAAAGTTTGCGGCTCAACCGTAAAATTG	TRUE	0.907	0.418	0.556	0.346	0.098
Feces	30	Bacteroidetes.Bacteroidia.Bacteroidales.Bacteroidaceae.Bacteroides.uniformis	TACGGAGGATCCGAGCGTTATCCGGATTTATTGGGTTTAAAGGGAGCGTAGGCGGACGCTTAAGTCAGTTGTGAAAGTTTGCGGCTCAACCGTAAAATTG	TRUE	0.88	0.312	0.339	0.515	0.146
Feces	30	Bacteroidetes.Bacteroidia.Bacteroidales.Porphyromonadaceae.Parabacteroides.distasonis	TACGGAGGATCCGAGCGTTATCCGGATTTATTGGGTTTAAAGGGTGCGTAGGCGGCCTTTTAAGTCAGCGGTGAAAGTCTGTGGCTCAACCATAGAATTG	FALSE	0.931	0.376	0.51	0.388	0.102
Feces	30	Bacteroidetes.Bacteroidia.Bacteroidales.Prevotellaceae.Prevotella.copri	TACGGAAGGTCCGGGCGTTATCCGGATTTATTGGGTTTAAAGGGAGCGTAGGCCGGAGATTAAGCGTGTTGTGAAATGTAGACGCTCAACGTCTGCACTG	TRUE	0.845	0.227	0.34	0.441	0.219
Feces	30	Bacteroidetes.Bacteroidia.Bacteroidales.Rikenellaceae.unknown.unknown	TACGGAGGATCCAAGCGTTATCCGGATTTATTGGGTTTAAAGGGTGCGTAGGCGGTTTGATAAGTTAGAGGTGAAATACCGGTGCTTAACACCGGAACTG	FALSE	0.908	0.177	0.395	0.455	0.15
Feces	30	Firmicutes.Bacilli.Gemellales.Gemellaceae.unknown.unknown	TACGTAGGTGGCAAGCGTTGTCCGGAATTATTGGGCGTAAAGCGCGCGCAGGTGGTTTAATAAGTCTGATGTGAAAGCCCACGGCTCAACCGTGGAGGGT	TRUE	0.912	0.447	0.399	0.456	0.145
Feces	30	Firmicutes.Bacilli.Lactobacillales.Enterococcaceae.Enterococcus.unknown	TACGTAGGTGGCAAGCGTTGTCCGGATTTATTGGGCGTAAAGCGAGCGCAGGCGGTTTCTTAAGTCTGATGTGAAAGCCCCCGGCTCAACCGGGGAGGGT	TRUE	0.875	0.766	0.352	0.471	0.177
Feces	30	Firmicutes.Bacilli.Lactobacillales.Streptococcaceae.Streptococcus.unknown	TACGTAGGTCCCGAGCGTTGTCCGGATTTATTGGGCGTAAAGCGAGCGCAGGCGGTTTAATAAGTCTGAAGTTAAAGGCAGTGGCTTAACCATTGTTCGC	TRUE	0.923	0.199	0.435	0.431	0.134
Feces	30	Firmicutes.Bacilli.Lactobacillales.Streptococcaceae.Streptococcus.unknown	TACGTAGGTCCCGAGCGTTGTCCGGATTTATTGGGCGTAAAGCGAGCGCAGGCGGTTAGATAAGTCTGAAGTTAAAGGCTGTGGCTTAACCATAGTACGC	TRUE	0.861	0.496	0.346	0.456	0.197
Feces	30	Firmicutes.Bacilli.Lactobacillales.Streptococcaceae.Streptococcus.unknown	TACGTAGGTCCCGAGCGTTATCCGGATTTATTGGGCGTAAAGCGAGCGCAGGCGGTTAGATAAGTCTGAAGTTAAAGGCTGTGGCTTAACCATAGTACGC	TRUE	0.939	0.624	0.37	0.572	0.058
Feces	30	Firmicutes.Bacilli.Lactobacillales.Streptococcaceae.Streptococcus.unknown	TACGTAGGTCCCGAGCGTTGTCCGGATTTATTGGGCGTAAAGCGAGCGCAGGCGGTTTGATAAGTCTGAAGTTAAAGGCTGTGGCTCAACCATAGTTCGC	TRUE	0.838	0.901	0.288	0.667	0.045
Feces	30	Firmicutes.Clostridia.Clostridiales.Christensenellaceae.unknown.unknown	TACGTAGGGGGCGAGCGTTGTCCGGAATTACTGGGCGTAAAGGGAGCGTAGGCGGTCGATTAAGTTAGATGTGAAACCCCCGGGCTTAACTTGGGGACTG	FALSE	0.794	0.121	0.423	0.303	0.274
Feces	30	Firmicutes.Clostridia.Clostridiales.Lachnospiraceae.[Ruminococcus].gnavus	TACGTAGGGGGCAAGCGTTATCCGGATTTACTGGGTGTAAAGGGAGCGTAGACGGCATGGCAAGCCAGATGTGAAAGCCCGGGGCTCAACCCCGGGACTG	FALSE	0.891	0.546	0.385	0.441	0.174
Feces	30	Firmicutes.Clostridia.Clostridiales.Ruminococcaceae.Faecalibacterium.prausnitzii	AACGTAGGTCACAAGCGTTGTCCGGAATTACTGGGTGTAAAGGGAGCGCAGGCGGGAAGACAAGTTGGAAGTGAAATCTATGGGCTCAACCCATAAACTG	TRUE	0.845	0.255	0.399	0.365	0.236
Feces	30	Firmicutes.Clostridia.Clostridiales.Ruminococcaceae.Faecalibacterium.prausnitzii	AACGTAGGGTGCAAGCGTTGTCCGGAATTACTGGGTGTAAAGGGAGCGCAGGCGGGAAGACAAGTTGGAAGTGAAAACCATGGGCTCAACCCATGAATTG	FALSE	0.804	0.199	0.673	0.275	0.052
Feces	30	Firmicutes.Clostridia.Clostridiales.Ruminococcaceae.Oscillospira.unknown	TACGTAGGTGGCAAGCGTTATCCGGATTTACTGGGTGTAAAGGGCGTGTAGGCGGGATTGCAAGTCAGATGTGAAAACTGGGGGCTCAACCTCCAGCCTG	FALSE	0.903	0.22	0.336	0.584	0.081
Feces	30	Firmicutes.Clostridia.Clostridiales.Veillonellaceae.Phascolarctobacterium.unknown	TACGTAGGTGGCGAGCGTTGTCCGGAATTATTGGGCGTAAAGAGCATGTAGGCGGCTTAATAAGTCGAGCGTGAAAATGCGGGGCTCAACCCCGTATGGC	FALSE	0.892	0.199	0.582	0.328	0.089
Feces	30	Firmicutes.Erysipelotrichi.Erysipelotrichales.Erysipelotrichaceae.[Eubacterium].dolichum	TACGTAGGTGGCAAGCGTTATCCGGAATCATTGGGCGTAAAGGGTGCGTAGGTGGCGTACTAAGTCTGTAGTAAAAGGCAATGGCTCAACCATTGTAAGC	FALSE	0.864	0.184	0.339	0.48	0.181
Feces	30	Firmicutes.Erysipelotrichi.Erysipelotrichales.Erysipelotrichaceae.Clostridium.ramosum	TACGTAGGTGGCAAGCGTTATCCGGAATTATTGGGCGTAAAGAGGGAGCAGGCGGCAGCAAGGGTCTGTGGTGAAAGCCTGAAGCTTAACTTCAGTAAGC	FALSE	0.953	0.411	0.43	0.492	0.078
Feces	30	Proteobacteria.Gammaproteobacteria.Enterobacteriales.Enterobacteriaceae.unknown.unknown	TACGGAGGGTGCAAGCGTTAATCGGAATTACTGGGCGTAAAGCGCACGCAGGCGGTTTGTTAAGTCAGATGTGAAATCCCCGGGCTCAACCTGGGAACTG	TRUE	0.957	0.617	0.489	0.439	0.071
Feces	30	Proteobacteria.Gammaproteobacteria.Pasteurellales.Pasteurellaceae.Haemophilus.parainfluenzae	TACGGAGGGTGCGAGCGTTAATCGGAATAACTGGGCGTAAAGGGCACGCAGGCGGTGACTTAAGTGAGGTGTGAAAGCCCCGGGCTTAACCTGGGAATTG	TRUE	0.94	0.603	0.499	0.406	0.095
Feces	120	Actinobacteria.Actinobacteria.Bifidobacteriales.Bifidobacteriaceae.Bifidobacterium.bifidum	TACGTAGGGCGCAAGCGTTATCCGGATTTATTGGGCGTAAAGGGCTCGTAGGCGGCTCGTCGCGTCCGGTGTGAAAGTCCATCGCTTAACGGTGGATCTG	FALSE	0.937	0.262	0.477	0.416	0.108
Feces	120	Bacteroidetes.Bacteroidia.Bacteroidales.Bacteroidaceae.Bacteroides.unknown	TACGGAGGATCCGAGCGTTATCCGGATTTATTGGGTTTAAAGGGAGCGTAGATGGATGTTTAAGTCAGTTGTGAAAGTTTGCGGCTCAACCGTAAAATTG	TRUE	0.924	0.5	0.48	0.398	0.122
Feces	120	Bacteroidetes.Bacteroidia.Bacteroidales.Porphyromonadaceae.Parabacteroides.unknown	TACGGAGGATGCGAGCGTTATCCGGATTTATTGGGTTTAAAGGGTGCGTAGGTGGTGATTTAAGTCAGCGGTGAAAGTTTGTGGCTCAACCATAAAATTG	FALSE	0.817	0.155	0.325	0.442	0.233
Feces	120	Bacteroidetes.Bacteroidia.Bacteroidales.Porphyromonadaceae.Parabacteroides.distasonis	TACGGAGGATCCGAGCGTTATCCGGATTTATTGGGTTTAAAGGGTGCGTAGGCGGCCTTTTAAGTCAGCGGTGAAAGTCTGTGGCTCAACCATAGAATTG	FALSE	0.853	0.345	0.465	0.342	0.193
Feces	120	Bacteroidetes.Bacteroidia.Bacteroidales.Prevotellaceae.Prevotella.copri	TACGGAAGGTCCGGGCGTTATCCGGATTTATTGGGTTTAAAGGGAGCGTAGGCCGGAGATTAAGCGTGTTGTGAAATGTAGACGCTCAACGTCTGCACTG	TRUE	0.875	0.155	0.526	0.335	0.139
Feces	120	Firmicutes.Bacilli.Lactobacillales.Enterococcaceae.Enterococcus.unknown	TACGTAGGTGGCAAGCGTTGTCCGGATTTATTGGGCGTAAAGCGAGCGCAGGCGGTTTCTTAAGTCTGATGTGAAAGCCCCCGGCTCAACCGGGGAGGGT	TRUE	0.844	0.786	0.341	0.452	0.207
Feces	120	Firmicutes.Bacilli.Lactobacillales.Lactobacillaceae.Lactobacillus.zeae	TACGTAGGTGGCAAGCGTTATCCGGATTTATTGGGCGTAAAGCGAGCGCAGGCGGTTTTTTAAGTCTGATGTGAAAGCCCTCGGCTTAACCGAGGAAGTG	FALSE	0.932	0.369	0.483	0.406	0.112
Feces	120	Firmicutes.Bacilli.Lactobacillales.Streptococcaceae.Streptococcus.unknown	TACGTAGGTCCCGAGCGTTGTCCGGATTTATTGGGCGTAAAGCGAGCGCAGGCGGTTTAATAAGTCTGAAGTTAAAGGCAGTGGCTTAACCATTGTTCGC	TRUE	0.919	0.179	0.445	0.418	0.138
Feces	120	Firmicutes.Bacilli.Lactobacillales.Streptococcaceae.Streptococcus.unknown	TACGTAGGTCCCGAGCGTTGTCCGGATTTATTGGGCGTAAAGCGAGCGCAGGCGGTTTGATAAGTCTGAAGTTAAAGGCTGTGGCTCAACCATAGTTCGC	TRUE	0.905	0.81	0.423	0.42	0.156
Feces	120	Firmicutes.Clostridia.Clostridiales.[Tissierellaceae].Anaerococcus.unknown	TACGTATGGACCGAGCGTTGTCCGGAATCATTGGGCGTAAAGGGTACGTAGGCGGCCTAGTAAGTTAGAAGTGAAATAATATAGCTCAACTATATAAAGC	TRUE	0.899	0.131	0.449	0.392	0.159
Feces	120	Firmicutes.Clostridia.Clostridiales.Lachnospiraceae.[Ruminococcus].gnavus	TACGTAGGGGGCAAGCGTTATCCGGATTTACTGGGTGTAAAGGGAGCGTAGACGGCATGGCAAGCCAGATGTGAAAGCCCGGGGCTCAACCCCGGGACTG	FALSE	0.796	0.69	0.356	0.358	0.286
Feces	120	Firmicutes.Clostridia.Clostridiales.Lachnospiraceae.Blautia.unknown	TACGTAGGGGGCAAGCGTTATCCGGATTTACTGGGTGTAAAGGGAGCGTAGACGGATGGACAAGTCTGATGTGAAAGGCTGGGGCTCAACCCCGGGACTG	TRUE	0.799	0.119	0.428	0.317	0.256
Feces	120	Firmicutes.Clostridia.Clostridiales.Ruminococcaceae.unknown.unknown	TACGTAGGTGGCAAGCGTTGTCCGGATTTACTGGGTGTAAAGGGCGTGTAGGCGGAGAAGCAAGTCAGAAGTGAAATCCATGGGCTTAACCCATGAACTG	FALSE	0.793	0.107	0.336	0.378	0.286
Feces	120	Firmicutes.Clostridia.Clostridiales.Ruminococcaceae.Gemmiger.formicilis	AACGTAGGGTGCAAGCGTTGTCCGGAATTACTGGGTGTAAAGGGAGCGCAGGCGGACCGGCAAGTTGGAAGTGAAAACTATGGGCTCAACCCATAAATTG	TRUE	0.794	0.107	0.304	0.456	0.24
Feces	120	Firmicutes.Clostridia.Clostridiales.Ruminococcaceae.Oscillospira.unknown	TACGTAGGTGGCAAGCGTTATCCGGATTTACTGGGTGTAAAGGGCGTGTAGGCGGGATTGCAAGTCAGATGTGAAAACTGGGGGCTCAACCTCCAGCCTG	FALSE	0.828	0.429	0.291	0.638	0.071
Feces	120	Firmicutes.Clostridia.Clostridiales.Ruminococcaceae.Ruminococcus.flavefaciens	TACGTAGGGAGCGAGCGTTGTCCGGAATTACTGGGTGTAAAGGGAGCGTAGGCGGGATCGCAAGTCAGATGTGAAAACTATGGGCTTAACCCATAAACTG	FALSE	0.805	0.131	0.287	0.589	0.123
Feces	120	Firmicutes.Clostridia.Clostridiales.Veillonellaceae.Veillonella.dispar	TACGTAGGTGGCAAGCGTTGTCCGGAATTATTGGGCGTAAAGCGCGCGCAGGCGGATTGGTCAGTCTGTCTTAAAAGTTCGGGGCTTAACCCCGTGATGG	TRUE	0.898	0.476	0.415	0.42	0.165
Feces	120	Firmicutes.Clostridia.Clostridiales.Veillonellaceae.Veillonella.dispar	TACGTAGGTGGCAAGCGTTGTCCGGAATTATTGGGCGTAAAGCGCGCGCAGGCGGATCGGTCAGTCTGTCTTAAAAGTTCGGGGCTTAACCCCGTGATGG	FALSE	0.834	0.179	0.461	0.329	0.209
Feces	120	Firmicutes.Clostridia.Clostridiales.Veillonellaceae.Veillonella.parvula	TACGTAGGTGGCAAGCGTTGTCCGGAATTATTGGGCGTAAAGCGCGCGCAGGCGGATCAGTCAGTCTGTCTTAAAAGTTCGGGGCTTAACCCCGTGATGG	TRUE	0.795	0.393	0.284	0.583	0.133
Feces	120	Firmicutes.Erysipelotrichi.Erysipelotrichales.Erysipelotrichaceae.unknown.unknown	TACGTAGGTGGCGAGCGTTATCCGGAATTATTGGGCGTAAAGAGGGAGCAGGCGGCACTAAGGGTCTGTGGTGAAAGATCGAAGCTTAACTTCGGTAAGC	FALSE	0.834	0.131	0.311	0.523	0.166
Feces	120	Proteobacteria.Gammaproteobacteria.Enterobacteriales.Enterobacteriaceae.unknown.unknown	TACGGAGGGTGCAAGCGTTAATCGGAATTACTGGGCGTAAAGCGCACGCAGGCGGTCTGTCAAGTCGGATGTGAAATCCCCGGGCTCAACCTGGGAACTG	TRUE	0.955	0.726	0.437	0.484	0.079
Feces	120	Proteobacteria.Gammaproteobacteria.Pasteurellales.Pasteurellaceae.Haemophilus.parainfluenzae	TACGGAGGGTGCGAGCGTTAATCGGAATAACTGGGCGTAAAGGGCACGCAGGCGGTGACTTAAGTGAGGTGTGAAAGCCCCGGGCTTAACCTGGGAATTG	TRUE	0.882	0.583	0.371	0.454	0.175
Feces	180	Actinobacteria.Actinobacteria.Bifidobacteriales.Bifidobacteriaceae.Bifidobacterium.unknown	TACGTAGGGTGCAAGCGTTATCCGGAATTATTGGGCGTAAAGGGCTCGTAGGCGGTTCGTCGCGTCCGGTGTGAAAGTCCATCGCTTAACGGTGGATCTG	FALSE	0.923	0.349	0.494	0.385	0.122
Feces	180	Actinobacteria.Coriobacteriia.Coriobacteriales.Coriobacteriaceae.Eggerthella.lenta	TACGTAGGGAGCGAGCGTTATCCGGATTCATTGGGCGTAAAGAGCGCGTAGGCGGCCTCTCAAGCGGGATCTCTAATCCGAGGGCTCAACCCCCGGCCGG	FALSE	0.873	0.605	0.444	0.362	0.194
Feces	180	Bacteroidetes.Bacteroidia.Bacteroidales.Bacteroidaceae.Bacteroides.unknown	TACGGAGGATCCGAGCGTTATCCGGATTTATTGGGTTTAAAGGGAGCGTAGGTGGATTGTTAAGTCAGTTGTGAAAGTTTGCGGCTCAACCGTAAAATTG	FALSE	0.97	0.291	0.426	0.538	0.035
Feces	180	Bacteroidetes.Bacteroidia.Bacteroidales.Bacteroidaceae.Bacteroides.unknown	TACGGAGGATCCGAGCGTTATCCGGATTTATTGGGTTTAAAGGGAGCGTAGATGGATGTTTAAGTCAGTTGTGAAAGTTTGCGGCTCAACCGTAAAATTG	TRUE	0.886	0.535	0.562	0.327	0.111
Feces	180	Bacteroidetes.Bacteroidia.Bacteroidales.Bacteroidaceae.Bacteroides.fragilis	TACGGAGGATCCGAGCGTTATCCGGATTTATTGGGTTTAAAGGGAGCGTAGGTGGACTGGTAAGTCAGTTGTGAAAGTTTGCGGCTCAACCGTAAAATTG	TRUE	0.946	0.314	0.528	0.394	0.078
Feces	180	Bacteroidetes.Bacteroidia.Bacteroidales.Prevotellaceae.Prevotella.unknown	TACGGAAGGTCCGGGCGTTATCCGGATTTATTGGGTTTAAAGGGAGCGTAGGCTGTCTATTAAGCGTGTTGTGAAATATACCGGCTCAACCGGTGGCTTG	TRUE	0.882	0.151	0.053	0.132	0.816
Feces	180	Firmicutes.Bacilli.Gemellales.Gemellaceae.unknown.unknown	TACGTAGGTGGCAAGCGTTGTCCGGAATTATTGGGCGTAAAGCGCGCGCAGGTGGTTTAATAAGTCTGATGTGAAAGCCCACGGCTCAACCGTGGAGGGT	TRUE	0.824	0.36	0.334	0.409	0.257
Feces	180	Firmicutes.Bacilli.Lactobacillales.Lactobacillaceae.Lactobacillus.unknown	TACGTAGGTGGCAAGCGTTGTCCGGATTTATTGGGCGTAAAGCGAGTGCAGGCGGTTCAATAAGTCTGATGTGAAAGCCTTCGGCTCAACCGGAGAATTG	TRUE	0.914	0.186	0.517	0.363	0.119
Feces	180	Firmicutes.Bacilli.Lactobacillales.Lactobacillaceae.Lactobacillus.zeae	TACGTAGGTGGCAAGCGTTATCCGGATTTATTGGGCGTAAAGCGAGCGCAGGCGGTTTTTTAAGTCTGATGTGAAAGCCCTCGGCTTAACCGAGGAAGCG	FALSE	0.946	0.151	0.479	0.425	0.096
Feces	180	Firmicutes.Bacilli.Lactobacillales.Streptococcaceae.Streptococcus.unknown	TACGTAGGTCCCGAGCGTTGTCCGGATTTATTGGGCGTAAAGCGAGCGCAGGCGGTTAGATAAGTCTGAAGTTAAAGGCTGTGGCTTAACCATAGTACGC	TRUE	0.856	0.5	0.323	0.505	0.173
Feces	180	Firmicutes.Bacilli.Lactobacillales.Streptococcaceae.Streptococcus.unknown	TACGTAGGTCCCGAGCGTTGTCCGGATTTATTGGGCGTAAAGCGAGCGCAGGCGGTTTGATAAGTCTGAAGTTAAAGGCTGTGGCTCAACCATAGTTCGC	TRUE	0.947	0.756	0.505	0.409	0.087
Feces	180	Firmicutes.Bacilli.Lactobacillales.Streptococcaceae.Streptococcus.unknown	TACGTAGGTCCCGAGCGTTATCCGGATTTATTGGGCGTAAAGCGAGCGCAGGCGGTTAGATAAGTCTGAAGTTAAAGGCTGTGGCTTAACCATAGTACGC	TRUE	0.813	0.744	0.338	0.384	0.279
Feces	180	Firmicutes.Clostridia.Clostridiales.Clostridiaceae.Clostridium.unknown	TACGTAGGTGGCGAGCGTTGTCCGGATTTACTGGGCGTAAAGGGAGCGTAGGCGGATTTTTAAGTGAGATGTGAAATACCCGGGCTCAACTTGGGTGCTG	FALSE	0.825	0.337	0.301	0.516	0.183
Feces	180	Firmicutes.Clostridia.Clostridiales.Lachnospiraceae.Blautia.unknown	TACGTAGGGGGCAAGCGTTATCCGGATTTACTGGGTGTAAAGGGAGCGTAGACGGTGTGGCAAGTCTGATGTGAAAGGCATGGGCTCAACCTGTGGACTG	TRUE	0.907	0.477	0.347	0.545	0.108
Feces	180	Firmicutes.Clostridia.Clostridiales.Lachnospiraceae.Clostridium.unknown	TACGTAGGGGGCAAGCGTTATCCGGATTTACTGGGTGTAAAGGGAGCGTAGACGGCGAAGCAAGTCTGAAGTGAAAACCCAGGGCTCAACCCTGGGACTG	FALSE	0.853	0.337	0.372	0.397	0.231
Feces	180	Firmicutes.Clostridia.Clostridiales.Lachnospiraceae.Lachnospira.unknown	TACGTATGGAGCAAGCGTTATCCGGATTTACTGGGTGTAAAGGGAGTGTAGGTGGCCATGCAAGTCAGAAGTGAAAATCCGGGGCTCAACCCCGGAACTG	FALSE	0.813	0.221	0.372	0.346	0.282
Feces	180	Firmicutes.Clostridia.Clostridiales.Ruminococcaceae.Oscillospira.unknown	TACGTAGGTGGCAAGCGTTATCCGGATTTACTGGGTGTAAAGGGCGTGTAGGCGGGATTGCAAGTCAGATGTGAAAACTGGGGGCTCAACCTCCAGCCTG	FALSE	0.882	0.605	0.47	0.356	0.174
Feces	180	Firmicutes.Clostridia.Clostridiales.Ruminococcaceae.Ruminococcus.flavefaciens	TACGTAGGGAGCGAGCGTTGTCCGGAATTACTGGGTGTAAAGGGAGCGTAGGCGGGATCGCAAGTCAGATGTGAAAACTATGGGCTTAACCCATAAACTG	FALSE	0.893	0.105	0.434	0.389	0.177
Feces	180	Firmicutes.Clostridia.Clostridiales.Veillonellaceae.Veillonella.unknown	TACGTAGGTGGCAAGCGTTGTCCGGAATTATTGGGCGTAAAGCGCGCGCAGGCGGTTTCATAAGTCTGTCTTAAAAGTGCGGGGCTTAACCCCGTGAGGG	TRUE	0.907	0.198	0.344	0.556	0.1
Feces	180	Firmicutes.Clostridia.Clostridiales.Veillonellaceae.Veillonella.dispar	TACGTAGGTGGCAAGCGTTGTCCGGAATTATTGGGCGTAAAGCGCGCGCAGGCGGATAGGTCAGTCTGTCTTAAAAGTTCGGGGCTTAACCCCGTGATGG	TRUE	0.854	0.558	0.554	0.31	0.136
Feces	180	Firmicutes.Erysipelotrichi.Erysipelotrichales.Erysipelotrichaceae.[Eubacterium].dolichum	TACGTAGGTGGCAAGCGTTATCCGGAATCATTGGGCGTAAAGGGTGCGTAGGTGGCGTACTAAGTCTGTAGTAAAAGGCAATGGCTCAACCATTGTAAGC	FALSE	0.883	0.5	0.415	0.393	0.192
Feces	180	Proteobacteria.Gammaproteobacteria.Enterobacteriales.Enterobacteriaceae.unknown.unknown	TACGGAGGGTGCAAGCGTTAATCGGAATTACTGGGCGTAAAGCGCACGCAGGCGGTCTGTCAAGTCGGATGTGAAATCCCCGGGCTCAACCTGGGAACTG	TRUE	0.981	0.721	0.486	0.496	0.018
Feces	180	Proteobacteria.Gammaproteobacteria.Enterobacteriales.Enterobacteriaceae.unknown.unknown	TACGGAGGGTGCAAGCGTTAATCGGAATTACTGGGCGTAAAGCGCACGCAGGCGGTTTGTTAAGTCAGATGTGAAATCCCCGGGCTCAACCTGGGAACTG	TRUE	0.944	0.849	0.569	0.373	0.058
Feces	180	Proteobacteria.Gammaproteobacteria.Pasteurellales.Pasteurellaceae.Haemophilus.parainfluenzae	TACGGAGGGTGCGAGCGTTAATCGGAATAACTGGGCGTAAAGGGCACGCAGGCGGTGACTTAAGTGAGGTGTGAAAGCCCCGGGCTTAACCTGGGAATTG	TRUE	0.942	0.651	0.393	0.519	0.088
Forearm	2	[Thermi].Deinococci.Thermales.Thermaceae.Thermus.unknown	TACGGAGGGCGCGAGCGTTACCCGGATTCACTGGGCGTAAAGGGCGTGTAGGCGGCCTGGGGCGTCCCATGTGAAAGACCACGGCTCAACCGTGGGGGAG	TRUE	0.935	0.725	0.481	0.396	0.123
Forearm	2	Actinobacteria.Actinobacteria.Actinomycetales.Actinomycetaceae.Actinomyces.unknown	TACGTAGGGCGCGAGCGTTGTCCGGAATTATTGGGCGTAAAGAGCTCGTAGGCGGCTGGTCGCGTCTGTCGTGAAATCCTCTGGCTTAACTGGGGGCTTG	FALSE	0.874	0.449	0.42	0.37	0.21
Forearm	2	Actinobacteria.Actinobacteria.Actinomycetales.Corynebacteriaceae.Corynebacterium.unknown	TACGTAGGGTGCGAGCGTTGTCCGGAATTACTGGGCGTAAAGAGCTCGTAGGTGGTTTGTCGCGTCGTCTGTGAAATTCCGGGGCTTAACTTCGGGCGTG	TRUE	0.827	0.174	0.448	0.315	0.237
Forearm	2	Actinobacteria.Actinobacteria.Actinomycetales.Corynebacteriaceae.Corynebacterium.unknown	TACGTAGGGTGCGAGCGTTGTCCGGAATTACTGGGCGTAAAGAGCTCGTAGGTGGTTTGTCGCGTCGTTTGTGGAATACCGCAGCTTAACTGCGGGGTTG	TRUE	0.889	0.217	0.397	0.407	0.196
Forearm	2	Actinobacteria.Actinobacteria.Actinomycetales.Corynebacteriaceae.Corynebacterium.unknown	TACGTAGGGTGCGAGCGTTGTCCGGAATTACTGGGCGTAAAGAGCTCGTAGGTGGTTTGTTGCGTCGTCTGTGAAATTCCGGGGCTTAACTTCGGGGTGG	FALSE	0.862	0.232	0.39	0.381	0.23
Forearm	2	Actinobacteria.Actinobacteria.Actinomycetales.Corynebacteriaceae.Corynebacterium.unknown	TACGTAGGGTGCGAGCGTTGTCCGGAATTACTGGGCGTAAAGGGCTCGTAGGTGGTTTGTCGCGTCGTCTGTGAAATTCTGGGGCTTAACTCCGGGCGTG	FALSE	0.786	0.174	0.401	0.299	0.299
Forearm	2	Actinobacteria.Actinobacteria.Actinomycetales.Corynebacteriaceae.Corynebacterium.kroppenstedtii	TACGTAGGGTGCGAGCGTTGTCCGGAATTACTGGGCGTAAAGAGCTCGTAGGTGGTCTGTCGCGTCATTTGTGAAAGCCCGGGGCTTAACTCCGGGTTGG	TRUE	0.878	0.42	0.389	0.402	0.209
Forearm	2	Actinobacteria.Actinobacteria.Actinomycetales.Micrococcaceae.unknown.unknown	TACGTAGGGCGCAAGCGTTATCCGGAATTATTGGGCGTAAAGAGCTCGTAGGCGGTTTGTCGCGTCTGCTGTGAAAGCCCGGGGCTTAACTCCGGGTGTG	TRUE	0.847	0.101	0.377	0.376	0.247
Forearm	2	Actinobacteria.Actinobacteria.Actinomycetales.Micrococcaceae.Kocuria.kristinae	TACGTAGGGCGCAAGCGTTGTCCGGAATTATTGGGCGTAAAGAGCTCGTAGGCGGCTTGTCGCGTCTGCTGTGAAAGCCCGGGGCTTAACTCCGGGTGTG	FALSE	0.837	0.116	0.376	0.365	0.26
Forearm	2	Bacteroidetes.Bacteroidia.Bacteroidales.Bacteroidaceae.Bacteroides.unknown	TACGGAGGATCCGAGCGTTATCCGGATTTATTGGGTTTAAAGGGAGCGTAGGCGGGTTGTTAAGTCAGTTGTGAAAGTTTGCGGCTCAACCGTAAAATTG	TRUE	0.812	0.101	0.481	0.297	0.222
Forearm	2	Bacteroidetes.Bacteroidia.Bacteroidales.Bacteroidaceae.Bacteroides.unknown	TACGGAGGATCCGAGCGTTATCCGGATTTATTGGGTTTAAAGGGAGCGTAGATGGATGTTTAAGTCAGTTGTGAAAGTTTGCGGCTCAACCGTAAAATTG	TRUE	0.92	0.319	0.393	0.458	0.149
Forearm	2	Bacteroidetes.Bacteroidia.Bacteroidales.Bacteroidaceae.Bacteroides.uniformis	TACGGAGGATCCGAGCGTTATCCGGATTTATTGGGTTTAAAGGGAGCGTAGGCGGACGCTTAAGTCAGTTGTGAAAGTTTGCGGCTCAACCGTAAAATTG	TRUE	0.848	0.116	0.373	0.381	0.246
Forearm	2	Bacteroidetes.Bacteroidia.Bacteroidales.Prevotellaceae.Prevotella.unknown	TACGGAAGGTCCGGGCGTTATCCGGATTTATTGGGTTTAAAGGGAGCGTAGGCCGCCAGGTAAGCGTGTTGTGAAATGTACCGGCTCAACCGGTGAATTG	TRUE	0.787	0.101	0.368	0.315	0.317
Forearm	2	Bacteroidetes.Flavobacteriia.Flavobacteriales.[Weeksellaceae].Wautersiella.unknown	TACGGAGGGTGCAAGCGTTATCCGGATTTATTGGGTTTAAAGGGTCCGTAGGCGGATTAATCAGTCAGTGGTGAAATCTCATAGCTTAACTATGAAACTG	FALSE	0.787	0.174	0.307	0.382	0.311
Forearm	2	Firmicutes.Bacilli.Bacillales.Bacillaceae.Geobacillus.unknown	TACGTAGGGGGCGAGCGTTGTCCGGAATTATTGGGCGTAAAGCGCGCGCAGGCGGTCCCTTAAGTCTGATGTGAAAGCCCACGGCTCAACCGTGGAGGGT	TRUE	0.897	0.652	0.39	0.426	0.184
Forearm	2	Firmicutes.Bacilli.Bacillales.Bacillaceae.Geobacillus.unknown	TACGTAGGGGGCGAGCGTTGTCCGGAATTATTGGGCGTAAAGCGCGCGCAGGCGGTCTCTTAAGTCTGATGTGAAAGCCCACGGCTCAACCGTGGAGGGT	FALSE	0.801	0.203	0.296	0.454	0.25
Forearm	2	Firmicutes.Bacilli.Lactobacillales.Enterococcaceae.Tetragenococcus.halophilus	TACGTAGGTGGCAAGCGTTGTCCGGATTTATTGGGCGTAAAGCGAGCGCAGGCGGTGATTTAAGTCTGATGTGAAAGCCCCCAGCTCAACTGGGGAGGGT	TRUE	0.825	0.478	0.304	0.484	0.212
Forearm	2	Firmicutes.Bacilli.Lactobacillales.Streptococcaceae.Streptococcus.unknown	TACGTAGGTCCCGAGCGTTGTCCGGATTTATTGGGCGTAAAGCGAGCGCAGGCGGTTAGATAAGTCTGAAGTTAAAGGCTGTGGCTTAACCATAGTACGC	TRUE	0.821	0.942	0.488	0.301	0.211
Forearm	2	Firmicutes.Bacilli.Lactobacillales.Streptococcaceae.Streptococcus.anginosus	TACGTAGGTCCCGAGCGTTGTCCGGATTTATTGGGCGTAAAGCGAGCGCAGGCGGTTAGAAAAGTCTGAAGTGAAAGGCAGTGGCTCAACCATTGTAGGC	TRUE	0.785	0.13	0.631	0.269	0.1
Forearm	2	Firmicutes.Clostridia.Clostridiales.Lachnospiraceae.Clostridium.clostridioforme	TACGTAGGGGGCAAGCGTTATCCGGATTTACTGGGTGTAAAGGGAGCGTAGACGGCAAGGCAAGTCTGATGTGAAAACCCAGGGCTTAACCCTGGGACTG	FALSE	0.772	0.159	0.43	0.282	0.288
Forearm	2	Firmicutes.Clostridia.Clostridiales.Ruminococcaceae.Faecalibacterium.prausnitzii	AACGTAGGTCACAAGCGTTGTCCGGAATTACTGGGTGTAAAGGGAGCGCAGGCGGGAAGACAAGTTGGAAGTGAAATCTATGGGCTCAACCCATAAACTG	TRUE	0.83	0.145	0.333	0.411	0.256
Forearm	2	Firmicutes.Clostridia.Clostridiales.Veillonellaceae.Veillonella.unknown	TACGTAGGTGGCAAGCGTTGTCCGGAATTATTGGGCGTAAAGCGCGCGCAGGCGGCCTATCCAGTCTGTCTTAAAAGTTCGGGGCTCAACCCCGTGATGG	TRUE	0.89	0.377	0.352	0.478	0.17
Forearm	2	Firmicutes.Clostridia.Clostridiales.Veillonellaceae.Veillonella.dispar	TACGTAGGTGGCAAGCGTTGTCCGGAATTATTGGGCGTAAAGCGCGCGCAGGCGGATTGGTCAGTCTGTCTTAAAAGTTCGGGGCTTAACCCCGTGATGG	TRUE	0.868	0.333	0.331	0.487	0.181
Forearm	2	Fusobacteria.Fusobacteriia.Fusobacteriales.Leptotrichiaceae.Leptotrichia.unknown	TACGTATGTCGCGAGCGTTATCCGGAATTATTGGGCATAAAGGGCATCTAGGCGGCCTGACAAGTCAGGGGTGAAAACCTGCGGCTCAACCGCAGGCCTG	FALSE	0.948	0.101	0.411	0.485	0.103
Forearm	2	Proteobacteria.Alphaproteobacteria.Caulobacterales.Caulobacteraceae.Brevundimonas.unknown	TACGAAGGGGGCTAGCGTTGCTCGGAATTACTGGGCGTAAAGGGAGCGTAGGCGGACATTTAAGTCAGGGGTGAAATCCCGGGGCTCAACCTCGGAATTG	FALSE	0.926	0.362	0.507	0.372	0.121
Forearm	2	Proteobacteria.Alphaproteobacteria.Rhizobiales.Rhizobiaceae.unknown.unknown	TACGAAGGGGGCTAGCGTTGTTCGGAATTACTGGGCGTAAAGCGCACGTAGGCGGATATTTAAGTCAGGGGTGAAATCCCAGAGCTCAACTCTGGAACTG	FALSE	0.797	0.13	0.308	0.404	0.288
Forearm	2	Proteobacteria.Alphaproteobacteria.Rhizobiales.Rhizobiaceae.Agrobacterium.unknown	TACGAAGGGGGCTAGCGTTGTTCGGAATTACTGGGCGTAAAGCGCACGTAGGCGGATATTTAAGTCAGGGGTGAAATCCCGCAGCTCAACTGCGGAACTG	FALSE	0.826	0.13	0.312	0.455	0.233
Forearm	2	Proteobacteria.Alphaproteobacteria.Sphingomonadales.Sphingomonadaceae.Blastomonas.unknown	TACGGAGGGAGCTAGCGTTGTTCGGAATTACTGGGCGTAAAGCGCACGTAGGCGGCCATTCAAGTCAGAGGTGAAAGCCCGGGGCTCAACCCCGGAACTG	TRUE	0.796	0.261	0.291	0.462	0.247
Forearm	2	Proteobacteria.Alphaproteobacteria.Sphingomonadales.Sphingomonadaceae.Sphingomonas.unknown	TACGGAGGGAGCTAGCGTTATTCGGAATTACTGGGCGTAAAGCGCACGTAGGCGGCTTTGTAAGTAAGAGGTGAAAGCCCAGAGCTCAACTCTGGAATTG	FALSE	0.92	0.116	0.394	0.456	0.15
Forearm	2	Proteobacteria.Betaproteobacteria.Burkholderiales.Alcaligenaceae.Achromobacter.unknown	TACGTAGGGTGCAAGCGTTAATCGGAATTACTGGGCGTAAAGCGTGCGCAGGCGGTTCGGAAAGAAAGATGTGAAATCCCAGAGCTTAACTTTGGAACTG	FALSE	0.883	0.319	0.45	0.36	0.191
Forearm	2	Proteobacteria.Betaproteobacteria.Burkholderiales.Comamonadaceae.unknown.unknown	TACGTAGGGTGCAAGCGTTAATCGGAATTACTGGGCGTAAAGCGTGCGCAGGCGGTTATGCAAGACAGAGGTGAAATCCCCGGGCTCAACCTGGGAACTG	FALSE	0.806	0.304	0.373	0.332	0.295
Forearm	2	Proteobacteria.Betaproteobacteria.Neisseriales.Neisseriaceae.unknown.unknown	TACGTAGGGTGCGAGCGTTAATCGGAATTATTGGGCGTAAAGCGAGTGTAGACGGTTATTTAAGCCAGATGTGAAATACCCGAGCCTAACTTGGGAGGTG	FALSE	0.806	0.275	0.471	0.295	0.234
Forearm	2	Proteobacteria.Betaproteobacteria.Neisseriales.Neisseriaceae.Neisseria.unknown	TACGTAGGGTGCGAGCGTTAATCGGAATTACTGGGCGTAAAGCGGGCGCAGACGGTTACTTAAGCAGGATGTGAAATCCCCGGGCTCAACCTGGGAACTG	FALSE	0.943	0.362	0.432	0.449	0.119
Forearm	2	Proteobacteria.Gammaproteobacteria.Alteromonadales.Shewanellaceae.Shewanella.unknown	TACGGAGGGTCCGAGCGTTAATCGGAATTACTGGGCGTAAAGCGTGCGCAGGCGGTTTGTTAAGCGAGATGTGAAAGCCCTGGGCTCAACCTAGGAATAG	FALSE	0.787	0.116	0.356	0.322	0.322
Forearm	2	Proteobacteria.Gammaproteobacteria.Enterobacteriales.Enterobacteriaceae.unknown.unknown	TACGGAGGGTGCAAGCGTTAATCGGAATTACTGGGCGTAAAGCGCACGCAGGCGGTCTGTTAAGTCAGATGTGAAATCCCCGGGCTTAACCTGGGAACTG	FALSE	0.822	0.174	0.286	0.586	0.128
Forearm	2	Proteobacteria.Gammaproteobacteria.Pasteurellales.Pasteurellaceae.Haemophilus.unknown	TACGGAGGGTGCGAGCGTTAATCGGAATAACTGGGCGTAAAGGGCACGCAGGCGGTTATTTAAGTGAGGTGTGAAAGCCCCGGGCTTAACCTGGGAATTG	TRUE	0.811	0.493	0.278	0.633	0.089
Forearm	2	Proteobacteria.Gammaproteobacteria.Pseudomonadales.Moraxellaceae.Acinetobacter.unknown	TACAGAGGGTGCGAGCGTTAATCGGATTTACTGGGCGTAAAGCGTGCGTAGGCGGCTTTTTAAGTCGGATGTGAAATCCCTGAGCTTAACTTAGGAATTG	TRUE	0.771	0.623	0.274	0.491	0.235
Forearm	2	Proteobacteria.Gammaproteobacteria.Pseudomonadales.Pseudomonadaceae.Pseudomonas.unknown	TACAGAGGGTGCAAGCGTTAATCGGAATTACTGGGCGTAAAGCGCGCGTAGGTGGTTTGTTAAGTTGAATGTGAAATCCCCGGGCTCAACCTGGGAACTG	FALSE	0.925	0.159	0.504	0.373	0.123
Forearm	2	Proteobacteria.Gammaproteobacteria.Pseudomonadales.Pseudomonadaceae.Pseudomonas.unknown	TACAGAGGGTGCAAGCGTTAATCGGAATTACTGGGCGTAAAGCGCGCGTAGGTGGTTTGTTAAGTTGGATGTGAAATCCCCGGGCTCAACCTGGGAACTG	FALSE	0.77	0.203	0.303	0.355	0.342
Forearm	30	[Thermi].Deinococci.Deinococcales.Deinococcaceae.Deinococcus.geothermalis	TACGGAGGGTGCAAGCGTTACCCGGAATCACTGGGCGTAAAGGGCGTGTAGGCGGGAAGCTAAGTCCGACTTTAAAGACCGGGGCTCAACCCCGGGAGTG	FALSE	0.885	0.169	0.426	0.387	0.187
Forearm	30	[Thermi].Deinococci.Thermales.Thermaceae.Thermus.unknown	TACGGAGGGCGCGAGCGTTACCCGGATTCACTGGGCGTAAAGGGCGTGTAGGCGGCCTGGGGCGTCCCATGTGAAAGACCACGGCTCAACCGTGGGGGAG	TRUE	0.874	0.629	0.328	0.534	0.138
Forearm	30	Actinobacteria.Actinobacteria.Actinomycetales.Actinomycetaceae.Actinomyces.unknown	TACGTAGGGCGCGAGCGTTGTCCGGAATTATTGGGCGTAAAGGGCTTGTAGGCGGTTGGTCGCGTCTGCCGTGAAATCCTCTGGCTTAACTGGGGGCGTG	FALSE	0.859	0.427	0.311	0.566	0.122
Forearm	30	Actinobacteria.Actinobacteria.Actinomycetales.Actinomycetaceae.Actinomyces.unknown	TACGTAGGGCGCAAGCGTTGTCCGGAATTATTGGGCGTAAAGAGCTCGTAGGCGGCTGGTCGCGTCTGTCGTGAAAACTTCCGGCTCAACCGGGGGCTTG	FALSE	0.849	0.157	0.54	0.311	0.149
Forearm	30	Actinobacteria.Actinobacteria.Actinomycetales.Corynebacteriaceae.Corynebacterium.unknown	TACGTAGGGTGCGAGCGTTGTCCGGAATTACTGGGCGTAAAGAGCTCGTAGGTGGTTTGTCGCGTCGTCTGTGAAATTCCGGGGCTTAACTCCGGGCGTG	TRUE	0.921	0.461	0.604	0.34	0.055
Forearm	30	Actinobacteria.Actinobacteria.Actinomycetales.Corynebacteriaceae.Corynebacterium.unknown	TACGTAGGGTGCGAGCGTTGTCCGGAATTACTGGGCGTAAAGAGCTCGTAGGTGGTTTGTCGCGTCGTCTGTGAAATTCCGGGGCTTAACTTCGGGCGTG	TRUE	0.913	0.202	0.435	0.412	0.152
Forearm	30	Actinobacteria.Actinobacteria.Actinomycetales.Corynebacteriaceae.Corynebacterium.unknown	TACGTAGGGTGCGAGCGTTGTCCGGAATTACTGGGCGTAAAGGGCTCGTAGGTGGTTTGTCGCGTCGTCTGTGAAATTCCGGGGCTTAACTCCGGGCGTG	TRUE	0.905	0.876	0.355	0.52	0.126
Forearm	30	Actinobacteria.Actinobacteria.Actinomycetales.Corynebacteriaceae.Corynebacterium.unknown	TACGTAGGGTGCGAGCGTTGTCCGGAATTACTGGGCGTAAAGGGCTCGTAGGTGGTTTGTCGCGTCGTCTGTGAAATTCTGGGGCTTAACTCCGGGCGTG	FALSE	0.912	0.258	0.384	0.473	0.144
Forearm	30	Actinobacteria.Actinobacteria.Actinomycetales.Corynebacteriaceae.Corynebacterium.unknown	TACGTAGGGTGCGAGCGTTGTCCGGAATTACTGGGCGTAAAGAGCTCGTAGGTGGTTTGTCGCGTCGTTTGTGTAAGCCCGCAGCTTAACTGCGGGACTG	TRUE	0.855	0.607	0.335	0.47	0.195
Forearm	30	Actinobacteria.Actinobacteria.Actinomycetales.Corynebacteriaceae.Corynebacterium.unknown	TACGTAGGGTGCGAGCGTTGTCCGGAATTACTGGGCGTAAAGAGCTCGTAGGCGGTTTGTCACGTCGTCTGTGAAATCCTAGGGCTTAACCCTGGACGTG	TRUE	0.838	0.685	0.362	0.394	0.245
Forearm	30	Actinobacteria.Actinobacteria.Actinomycetales.Corynebacteriaceae.Corynebacterium.unknown	TACGTAGGGTGCGAGCGTTGTCCGGAATTACTGGGCGTAAAGAGCTCGTAGGTGGTTTGTCGCGTCGTTTGTGGAATACCGCAGCTTAACTGCGGGGTTG	TRUE	0.822	0.326	0.295	0.551	0.154
Forearm	30	Actinobacteria.Actinobacteria.Actinomycetales.Dietziaceae.Dietzia.unknown	TACGTAGGGTGCGAGCGTTGTCCGGAATTACTGGGCGTAAAGAGCTCGTAGGCGGTTTGTCACGTCGTCTGTGAAATCCCTCGGCTTAACCGGGGGCGTG	FALSE	0.821	0.112	0.36	0.373	0.267
Forearm	30	Actinobacteria.Actinobacteria.Actinomycetales.Micrococcaceae.Kocuria.unknown	TACGTAGGGCGCAAGCGTTGTCCGGAATTATTGGGCGTAAAGAGCTCGTAGGCGGTTTGTCGCGTCTGCTGTGAAAGCCCGGGGCTTAACCCCGGGTGTG	FALSE	0.922	0.449	0.463	0.402	0.135
Forearm	30	Actinobacteria.Actinobacteria.Actinomycetales.Micrococcaceae.Micrococcus.unknown	TACGTAGGGTGCGAGCGTTATCCGGAATTATTGGGCGTAAAGAGCTCGTAGGCGGTTTGTCGCGTCTGTCGTGAAAGTCCGGGGCTTAACCCCGGATCTG	TRUE	0.945	0.573	0.487	0.415	0.099
Forearm	30	Actinobacteria.Actinobacteria.Actinomycetales.Micrococcaceae.Rothia.mucilaginosa	TACGTAGGGCGCGAGCGTTGTCCGGAATTATTGGGCGTAAAGAGCTTGTAGGCGGTTTGTCGCGTCTGCTGTGAAAGGCCGGGGCTTAACCCCGTGTATT	FALSE	0.933	0.382	0.413	0.466	0.121
Forearm	30	Actinobacteria.Actinobacteria.Bifidobacteriales.Bifidobacteriaceae.Bifidobacterium.unknown	TACGTAGGGTGCAAGCGTTATCCGGAATTATTGGGCGTAAAGGGCTCGTAGGCGGTTCGTCGCGTCCGGTGTGAAAGTCCATCGCTTAACGGTGGATCTG	FALSE	0.929	0.191	0.459	0.413	0.128
Forearm	30	Actinobacteria.Actinobacteria.Bifidobacteriales.Bifidobacteriaceae.Bifidobacterium.unknown	TACGTAGGGTGCAAGCGTTATCCGGAATTATTGGGCGTAAAGGGCTCGTAGGCGGTTCGTCGCGTCCGGTGTGAAAGTCCATCGCTTAACGGTGGATCCG	TRUE	0.835	0.674	0.425	0.34	0.236
Forearm	30	Actinobacteria.Actinobacteria.Bifidobacteriales.Bifidobacteriaceae.Bifidobacterium.bifidum	TACGTAGGGCGCAAGCGTTATCCGGATTTATTGGGCGTAAAGGGCTCGTAGGCGGCTCGTCGCGTCCGGTGTGAAAGTCCATCGCTTAACGGTGGATCTG	FALSE	0.835	0.213	0.42	0.342	0.238
Forearm	30	Actinobacteria.Coriobacteriia.Coriobacteriales.Coriobacteriaceae.Atopobium.unknown	TACGTAGGGGGCAAGCGTTATCCGGATTCATTGGGCGTAAAGCGCTCGTAGGCGGTCTGTTAGGTCGGGAGTTAAATCCGGGGGCTCAACCCCCGTTCGC	FALSE	0.819	0.146	0.301	0.509	0.19
Forearm	30	Bacteroidetes.Bacteroidia.Bacteroidales.[Paraprevotellaceae].[Prevotella].unknown	TACGGAAGGTCCAGGCGTTATCCGGATTTATTGGGTTTAAAGGGAGCGTAGGCGGATTATTAAGTCAGTGGTGAAAGACGGTGGCTCAACCATCGTTAGC	TRUE	0.951	0.517	0.425	0.485	0.09
Forearm	30	Bacteroidetes.Bacteroidia.Bacteroidales.Bacteroidaceae.Bacteroides.unknown	TACGGAGGATCCGAGCGTTATCCGGATTTATTGGGTTTAAAGGGAGCGTAGGTGGATTGTTAAGTCAGTTGTGAAAGTTTGCGGCTCAACCGTAAAATTG	FALSE	0.888	0.169	0.328	0.566	0.106
Forearm	30	Bacteroidetes.Bacteroidia.Bacteroidales.Bacteroidaceae.Bacteroides.unknown	TACGGAGGATCCGAGCGTTATCCGGATTTATTGGGTTTAAAGGGAGCGTAGATGGATGTTTAAGTCAGTTGTGAAAGTTTGCGGCTCAACCGTAAAATTG	TRUE	0.911	0.292	0.41	0.434	0.155
Forearm	30	Bacteroidetes.Flavobacteriia.Flavobacteriales.[Weeksellaceae].unknown.unknown	TACGGAGGGTGCAAGCGTTATCCGGATTTATTGGGTTTAAAGGGTCCGTAGGTGGGTTAGTAAGTCAGTGGTGAAATCCTGCAGCTTAACTGTAGAATTG	FALSE	0.905	0.146	0.422	0.414	0.164
Forearm	30	Firmicutes.Bacilli.Bacillales.Bacillaceae.Geobacillus.unknown	TACGTAGGGGGCGAGCGTTGTCCGGAATTATTGGGCGTAAAGCGCGCGCAGGCGGTCCCTTAAGTCTGATGTGAAAGCCCACGGCTCAACCGTGGAGGGT	TRUE	0.869	0.528	0.329	0.519	0.152
Forearm	30	Firmicutes.Bacilli.Bacillales.Staphylococcaceae.Staphylococcus.unknown	TACGTAGGTGGCAAGCGTTATCCGGAATTATTGGGCGTAAAGCGCGCGTAGGCGGTTTCTTAAGTCTGATGTGAAAGCCCACGGCTCAACCGTGGAGGGT	FALSE	0.882	0.213	0.357	0.47	0.173
Forearm	30	Firmicutes.Bacilli.Gemellales.Gemellaceae.unknown.unknown	TACGTAGGTGGCAAGCGTTGTCCGGAATTATTGGGCGTAAAGCGCGCGCAGGTGGTTTAATAAGTCTGATGTGAAAGCCCACGGCTCAACCGTGGAGGGT	TRUE	0.935	0.876	0.563	0.365	0.072
Forearm	30	Firmicutes.Bacilli.Lactobacillales.Streptococcaceae.Streptococcus.unknown	TACGTAGGTCCCGAGCGTTGTCCGGATTTATTGGGCGTAAAGCGAGCGCAGGCGGTTAGATAAGTCTGAAGTTAAAGGCTGTGGCTTAACCATAGTACGC	TRUE	0.972	0.989	0.439	0.518	0.043
Forearm	30	Firmicutes.Bacilli.Lactobacillales.Streptococcaceae.Streptococcus.unknown	TACGTAGGTCCCGAGCGTTATCCGGATTTATTGGGCGTAAAGCGAGCGCAGGCGGTTAGATAAGTCTGAAGTTAAAGGCTGTGGCTTAACCATAGTACGC	TRUE	0.861	0.225	0.539	0.318	0.142
Forearm	30	Firmicutes.Clostridia.Clostridiales.[Tissierellaceae].1-68.unknown	TACGTATGGAGCGAGCGTTGTCCGGAATTATTGGGCGTAAAGGGTGCGCAGGCGGCTTTACAAGTTGGATGTGAAATATTGTGGCTCAACCACAAACGTG	TRUE	0.853	0.146	0.384	0.388	0.229
Forearm	30	Firmicutes.Clostridia.Clostridiales.[Tissierellaceae].Anaerococcus.unknown	TACGTAAGGTCCGAGCGTTGTCCGGAATCATTGGGCGTAAAGGGTACGTAGGCGGGTAAGCAAGTTAGAAGTGAAATCCTATAGCTCAACTATAGTAAGC	TRUE	0.877	0.281	0.382	0.42	0.197
Forearm	30	Firmicutes.Clostridia.Clostridiales.Clostridiaceae.Clostridium.unknown	TACGTAGGTGGCAAGCGTTGTCCGGATTTACTGGGCGTAAAGGGAGCGTAGGCGGATTTTTAAGTGGGATGTGAAATACCCGGGCTCAACCTGGGTGCTG	FALSE	0.866	0.124	0.382	0.405	0.212
Forearm	30	Firmicutes.Clostridia.Clostridiales.Lachnospiraceae.unknown.unknown	TACGTAGGGGGCAAGCGTTATCCGGATTTACTGGGTGTAAAGGGAGCGCAGACGGCAATGCAAGTCTGAAGTGAAAGGCGTGGGCTCAACCCATGAACTG	FALSE	0.866	0.112	0.357	0.443	0.2
Forearm	30	Firmicutes.Clostridia.Clostridiales.Peptostreptococcaceae.Peptostreptococcus.unknown	TACGTAGGGGGCTAGCGTTATCCGGATTTACTGGGCGTAAAGGGTGCGTAGGTGGTCCTTCAAGTCGGTGGTTAAAGGCTACGGCTCAACCGTAGTAAGC	TRUE	0.822	0.112	0.307	0.489	0.203
Forearm	30	Firmicutes.Clostridia.Clostridiales.Veillonellaceae.Veillonella.unknown	TACGTAGGTGGCAAGCGTTGTCCGGAATTATTGGGCGTAAAGCGCGCGCAGGCGGATCTGCCAGTCTGTCTTAAAAGTTCGGGGCTCAACCCCGTGATGG	FALSE	0.835	0.101	0.08	0.159	0.762
Forearm	30	Proteobacteria.Alphaproteobacteria.Rhizobiales.Methylobacteriaceae.Methylobacterium.unknown	TACGAAGGGGGCTAGCGTTGCTCGGAATCACTGGGCGTAAAGGGCGCGTAGGCGGCGTTTTAAGTCGGGGGTGAAAGCCTGTGGCTCAACCACAGAATGG	FALSE	0.92	0.18	0.479	0.389	0.133
Forearm	30	Proteobacteria.Alphaproteobacteria.Rhizobiales.Rhizobiaceae.unknown.unknown	TACGAAGGGGGCTAGCGTTGTTCGGAATTACTGGGCGTAAAGCGCACGTAGGCGGATATTTAAGTCAGGGGTGAAATCCCAGAGCTCAACTCTGGAACTG	FALSE	0.819	0.202	0.317	0.449	0.235
Forearm	30	Proteobacteria.Alphaproteobacteria.Rhodospirillales.Acetobacteraceae.Roseomonas.mucosa	TACGAAGGGGGCTAGCGTTGCTCGGAATTACTGGGCGTAAAGGGCGCGTAGGCGGCGGCCCAAGTCAGGCGTGAAATTCCTGGGCTCAACCTGGGGACTG	FALSE	0.932	0.157	0.443	0.432	0.125
Forearm	30	Proteobacteria.Alphaproteobacteria.Sphingomonadales.Sphingomonadaceae.Sphingomonas.unknown	TACGGAGGGAGCTAGCGTTGTTCGGAATTACTGGGCGTAAAGCGCACGTAGGCGGCTTTGTAAGTTAGAGGTGAAAGCCTGGAGCTCAACTCCAGAATTG	FALSE	0.879	0.146	0.327	0.551	0.123
Forearm	30	Proteobacteria.Betaproteobacteria.Burkholderiales.Oxalobacteraceae.Ralstonia.unknown	TACGTAGGGTCCAAGCGTTAATCGGAATTACTGGGCGTAAAGCGTGCGCAGGCGGTTGTGCAAGACCGATGTGAAATCCCCGAGCTTAACTTGGGAATTG	FALSE	0.873	0.236	0.531	0.328	0.141
Forearm	30	Proteobacteria.Betaproteobacteria.Neisseriales.Neisseriaceae.unknown.unknown	TACGTAGGGTGCGAGCGTTAATCGGAATTATTGGGCGTAAAGCGAGTGTAGACGGTTATTTAAGCCAGATGTGAAATACCCGAGCCTAACTTGGGAGGTG	FALSE	0.893	0.315	0.428	0.395	0.178
Forearm	30	Proteobacteria.Gammaproteobacteria.Aeromonadales.Aeromonadaceae.Aeromonas.unknown	TACGGAGGGTGCAAGCGTTAATCGGAATTACTGGGCGTAAAGCGCACGCAGGCGGTTGGATAAGTTAGATGTGAAAGCCCCGGGCTCAACCTGGGAATTG	FALSE	0.848	0.281	0.547	0.309	0.144
Forearm	30	Proteobacteria.Gammaproteobacteria.Pasteurellales.Pasteurellaceae.Haemophilus.unknown	TACGGAGGGTGCGAGCGTTAATCGGAATAACTGGGCGTAAAGGGCACGCAGGCGGTTATTTAAGTGAGGTGTGAAAGCCCCGGGCTTAACCTGGGAATTG	TRUE	0.94	0.494	0.525	0.386	0.089
Forearm	30	Proteobacteria.Gammaproteobacteria.Pseudomonadales.Moraxellaceae.Acinetobacter.unknown	TACAGAGGGTGCAAGCGTTAATCGGATTTACTGGGCGTAAAGCGCGCGTAGGTGGCTAATTAAGTCAAATGTGAAATCCCCGAGCTTAACTTGGGAATTG	FALSE	0.882	0.112	0.398	0.41	0.193
Forearm	30	Proteobacteria.Gammaproteobacteria.Pseudomonadales.Moraxellaceae.Acinetobacter.unknown	TACAGAGGGTGCGAGCGTTAATCGGATTTACTGGGCGTAAAGCGTGCGTAGGCGGCTTTTTAAGTCGGATGTGAAATCCCTGAGCTTAACTTAGGAATTG	TRUE	0.816	0.607	0.465	0.31	0.225
Forearm	30	Proteobacteria.Gammaproteobacteria.Pseudomonadales.Moraxellaceae.Acinetobacter.guillouiae	TACAGAGGGTGCGAGCGTTAATCGGATTTACTGGGCGTAAAGCGTGCGTAGGCGGCTTATTAAGTCGGATGTGAAATCCCCGAGCTTAACTTGGGAATTG	FALSE	0.829	0.135	0.45	0.324	0.227
Forearm	30	Proteobacteria.Gammaproteobacteria.Pseudomonadales.Moraxellaceae.Enhydrobacter.unknown	TACAGAGGGTGCGAGCGTTAATCGGAATTACTGGGCGTAAAGCGAGTGTAGGTGGCTCATTAAGTCACATGTGAAATCCCCGGGCTTAACCTGGGAACTG	TRUE	0.94	0.607	0.415	0.477	0.108
Forearm	30	Proteobacteria.Gammaproteobacteria.Pseudomonadales.Pseudomonadaceae.Pseudomonas.alcaligenes	TACGAAGGGTGCAAGCGTTAATCGGAATTACTGGGCGTAAAGCGCGCGTAGGTGGTTCAGCAAGTTGGAGGTGAAATCCCCGGGCTCAACCTGGGAACTG	FALSE	0.851	0.101	0.34	0.451	0.209
Forearm	30	Proteobacteria.Gammaproteobacteria.Pseudomonadales.Pseudomonadaceae.Pseudomonas.veronii	TACAGAGGGTGCAAGCGTTAATCGGAATTACTGGGCGTAAAGCGCGCGTAGGTGGTTAGTTAAGTTGGATGTGAAATCCCCGGGCTCAACCTGGGAACTG	TRUE	0.961	0.393	0.388	0.577	0.035
Forearm	120	Actinobacteria.Actinobacteria.Actinomycetales.Actinomycetaceae.Actinomyces.unknown	TACGTAGGGCGCGAGCGTTGTCCGGAATTATTGGGCGTAAAGGGCTTGTAGGCGGTTGGTCGCGTCTGCCGTGAAATCCTCTGGCTTAACTGGGGGCGTG	FALSE	0.879	0.814	0.494	0.342	0.164
Forearm	120	Actinobacteria.Actinobacteria.Actinomycetales.Actinomycetaceae.Actinomyces.unknown	TACGTAGGGCGCGAGCGTTGTCCGGAATTATTGGGCGTAAAGAGCTCGTAGGCGGCTGGTCGCGTCTGTCGTGAAATCCTCTGGCTTAACTGGGGGCTTG	FALSE	0.808	0.605	0.351	0.372	0.277
Forearm	120	Actinobacteria.Actinobacteria.Actinomycetales.Brevibacteriaceae.Brevibacterium.unknown	TACGTAGGGTACGAGCGTTGTCCGGAATTATTGGGCGTAAAGAGCTCGTAGGTGGTTGGTCACGTCTGCTGTGGAAACGCAACGCTTAACGTTGCGCGTG	FALSE	0.852	0.233	0.335	0.465	0.2
Forearm	120	Actinobacteria.Actinobacteria.Actinomycetales.Brevibacteriaceae.Brevibacterium.unknown	TACGTAGGGTACAAGCGTTGTCCGGAATTATTGGGCGTAAAGAGCTCGTAGGTGGTCTGTCACGTCTGCTGTGGAAACGCAAGGCTCAACCTTGCGCGTG	FALSE	0.895	0.256	0.4	0.418	0.181
Forearm	120	Actinobacteria.Actinobacteria.Actinomycetales.Corynebacteriaceae.Corynebacterium.unknown	TACGTAGGGTGCGAGCGTTGTCCGGAATTACTGGGCGTAAAGAGCTCGTAGGTGGTTTGTCGCGTCGTTTGTGTAAGCCCGCAGCTTAACTGCGGGACTG	TRUE	0.84	0.605	0.357	0.404	0.238
Forearm	120	Actinobacteria.Actinobacteria.Actinomycetales.Corynebacteriaceae.Corynebacterium.unknown	TACGTAGGGTGCAAGCGTTGTCCGGAATTACTGGGCGTAAAGAGCTCGTAGGTGGTTTGTCACGTCGTCTGTGAAATTCCACAGCTTAACTGTGGGCGTG	FALSE	0.832	0.349	0.299	0.562	0.138
Forearm	120	Actinobacteria.Actinobacteria.Actinomycetales.Dermabacteraceae.Brachybacterium.unknown	TACGTAGGGCGCAAGCGTTGTCCGGAATTATTGGGCGTAAAGAGCTTGTAGGTGGCTTGTCGCGTCTGCCGTGAAAACCCGAGGCTCAACCTCGGGCGTG	FALSE	0.813	0.279	0.31	0.468	0.223
Forearm	120	Actinobacteria.Actinobacteria.Actinomycetales.Micrococcaceae.Kocuria.unknown	TACGTAGGGCGCAAGCGTTGTCCGGAATTATTGGGCGTAAAGAGCTCGTAGGCGGTTTGTCGCGTCTGCTGTGAAAGCCCGGGGCTTAACCCCGGGTGTG	FALSE	0.855	0.488	0.456	0.34	0.203
Forearm	120	Actinobacteria.Actinobacteria.Actinomycetales.Micrococcaceae.Rothia.mucilaginosa	TACGTAGGGCGCGAGCGTTGTCCGGAATTATTGGGCGTAAAGAGCTTGTAGGCGGTTTGTCGCGTCTGCTGTGAAAGGCCGGGGCTTAACCCCGTGTATT	FALSE	0.906	0.558	0.586	0.332	0.083
Forearm	120	Actinobacteria.Actinobacteria.Actinomycetales.Micrococcaceae.Rothia.mucilaginosa	TACGTAGGGCGCGAGCGTTGTCCGGAATTATTGGGCGTAAAGAGCTTGTAGGCGGTTTGTCGCGTCTGCTGTGAAAGGCCGGGGCTTAACTCCGTGTATT	TRUE	0.867	0.302	0.327	0.517	0.156
Forearm	120	Actinobacteria.Actinobacteria.Actinomycetales.Mycobacteriaceae.Mycobacterium.unknown	TACGTAGGGTCCGAGCGTTGTCCGGAATTACTGGGCGTAAAGAGCTCGTAGGTGGTTTGTCGCGTTGTTCGTGAAAACTCACAGCTTAACTGTGGGCGTG	FALSE	0.841	0.186	0.295	0.623	0.082
Forearm	120	Bacteroidetes.Bacteroidia.Bacteroidales.[Paraprevotellaceae].[Prevotella].unknown	TACGGAAGGTCCAGGCGTTATCCGGATTTATTGGGTTTAAAGGGAGCGTAGGCGGATTATTAAGTCAGTGGTGAAAGACGGTGGCTCAACCATCGTTAGC	TRUE	0.957	0.674	0.537	0.392	0.07
Forearm	120	Bacteroidetes.Bacteroidia.Bacteroidales.[Paraprevotellaceae].[Prevotella].unknown	TACGGAAGGTCCAGGCGTTATCCGGATTTATTGGGTTTAAAGGGAGCGTAGGCGGACGATTAAGTCAGCTGTGAAAGTTTGCGGCTCAACCGTAAAATTG	FALSE	0.834	0.14	0.387	0.365	0.249
Forearm	120	Bacteroidetes.Bacteroidia.Bacteroidales.Bacteroidaceae.Bacteroides.unknown	TACGGAGGATCCGAGCGTTATCCGGATTTATTGGGTTTAAAGGGAGCGTAGATGGATGTTTAAGTCAGTTGTGAAAGTTTGCGGCTCAACCGTAAAATTG	TRUE	0.92	0.279	0.431	0.418	0.151
Forearm	120	Bacteroidetes.Bacteroidia.Bacteroidales.Prevotellaceae.Prevotella.unknown	TACGGAAGGTTCGGGCGTTATCCGGATTTATTGGGTTTAAAGGGAGCGTAGGCCGTTTGGTAAGCGTGTTGTGAAATGTAGGAGCTCAACTTCTAGATTG	TRUE	0.81	0.233	0.404	0.332	0.264
Forearm	120	Bacteroidetes.Bacteroidia.Bacteroidales.Prevotellaceae.Prevotella.nanceiensis	TACGGAAGGTCCAGGCGTTATCCGGATTTATTGGGTTTAAAGGGTGCGTAGGCCGTTTGATAAGCGTGCTGTGAAATATAGTGGCTCAACCTCTATCGTG	FALSE	0.868	0.372	0.364	0.431	0.205
Forearm	120	Bacteroidetes.Bacteroidia.Bacteroidales.Prevotellaceae.Prevotella.pallens	TACGGAAGGTCCAGGCGTTATCCGGATTTATTGGGTTTAAAGGGAGTGTAGGCGGTTTGTTAAGCGTGTTGTGAAATTTAGGTGCTCAACATTTAACTTG	FALSE	0.875	0.14	0.316	0.579	0.105
Forearm	120	Bacteroidetes.Flavobacteriia.Flavobacteriales.Flavobacteriaceae.Capnocytophaga.unknown	TACGGAGGATGCGAGCGTTATCCGGAATCATTGGGTTTAAAGGGTCCGTAGGCGGGCTAATAAGTCAGAGGTGAAAGCGCTCAGCTCAACTGAGCAACTG	FALSE	0.861	0.186	0.363	0.422	0.215
Forearm	120	Firmicutes.Bacilli.Bacillales.Bacillaceae.Geobacillus.unknown	TACGTAGGGGGCGAGCGTTGTCCGGAATTATTGGGCGTAAAGCGCGCGCAGGCGGTCCCTTAAGTCTGATGTGAAAGCCCACGGCTCAACCGTGGAGGGT	TRUE	0.934	0.419	0.468	0.405	0.127
Forearm	120	Firmicutes.Bacilli.Bacillales.Staphylococcaceae.Staphylococcus.unknown	TACGTAGGTGGCAAGCGTTATCCGGAATTATTGGGCGTAAAGCGCGCGTAGGCGGTTTCTTAAGTCTGATGTGAAAGCCCACGGCTCAACCGTGGAGGGT	FALSE	0.792	0.465	0.346	0.358	0.296
Forearm	120	Firmicutes.Bacilli.Lactobacillales.Aerococcaceae.Alloiococcus.unknown	TACGTAGGTGACAAGCGTTGTCCGGATTTATTGGGCGTAAAGGGAGCGCAGGCGGTCTGTTTAGTCTAATGTGAAAGCCCACGGCTTAACCGTGGAACGG	FALSE	0.924	0.326	0.382	0.488	0.13
Forearm	120	Firmicutes.Bacilli.Lactobacillales.Enterococcaceae.Enterococcus.unknown	TACGTAGGTGGCAAGCGTTGTCCGGATTTATTGGGCGTAAAGCGAGCGCAGGCGGTTTCTTAAGTCTGATGTGAAAGCCCCCGGCTCAACCGGGGAGGGT	TRUE	0.839	0.116	0.473	0.323	0.204
Forearm	120	Firmicutes.Bacilli.Lactobacillales.Streptococcaceae.Streptococcus.unknown	TACGTAGGTCCCGAGCGTTGTCCGGATTTATTGGGCGTAAAGCGAGCGCAGGCGGTTAGATAAGTCTGAAGTTAAAGGCTGTGGCTTAACCATAGTACGC	TRUE	0.979	1	0.45	0.507	0.043
Forearm	120	Firmicutes.Bacilli.Lactobacillales.Streptococcaceae.Streptococcus.unknown	TACGTAGGTCCCGAGCGTTATCCGGATTTATTGGGCGTAAAGCGAGCGCAGGCGGTTAGATAAGTCTGAAGTTAAAGGCTGTGGCTTAACCATAGTACGC	TRUE	0.904	0.628	0.568	0.335	0.097
Forearm	120	Firmicutes.Bacilli.Lactobacillales.Streptococcaceae.Streptococcus.unknown	TACGTAGGTCCCGAGCGTTGTCCGGATTTATTGGGCGTAAAGCGAGCGCAGGCGGTTTGATAAGTCTGAAGTTAAAGGCTGTGGCTCAACCATAGTTCGC	TRUE	0.865	0.698	0.642	0.302	0.056
Forearm	120	Firmicutes.Clostridia.Clostridiales.[Tissierellaceae].Finegoldia.unknown	TACGTATGGAGCGAGCGTTGTCCGGAATTATTGGGCGTAAAGGGTACGCAGGCGGTTTAATAAGTCGAATGTTAAAGATCGGGGCTCAACCCCGTAAAGC	TRUE	0.832	0.674	0.471	0.32	0.209
Forearm	120	Firmicutes.Clostridia.Clostridiales.[Tissierellaceae].Peptoniphilus.unknown	TACGTAGGGGGCTAGCGTTGTCCGGAATCACTGGGCGTAAAGGGTTCGCAGGCGGAAATGCAAGTCAGATGTAAAAGGCAGTAGCTTAACTACTGTAAGC	TRUE	0.928	0.419	0.366	0.527	0.107
Forearm	120	Firmicutes.Clostridia.Clostridiales.Lachnospiraceae.Blautia.unknown	TACGTAGGGGGCAAGCGTTATCCGGATTTACTGGGTGTAAAGGGAGCGTAGACGGTGTGGCAAGTCTGATGTGAAAGGCATGGGCTCAACCTGTGGACTG	TRUE	0.835	0.163	0.482	0.318	0.2
Forearm	120	Firmicutes.Clostridia.Clostridiales.Peptostreptococcaceae.Peptostreptococcus.unknown	TACGTAGGGGGCTAGCGTTATCCGGATTTACTGGGCGTAAAGGGTGCGTAGGTGGTCCTTCAAGTCGGTGGTTAAAGGCTACGGCTCAACCGTAGTAAGC	TRUE	0.858	0.209	0.379	0.397	0.224
Forearm	120	Firmicutes.Clostridia.Clostridiales.Ruminococcaceae.Faecalibacterium.prausnitzii	AACGTAGGTCACAAGCGTTGTCCGGAATTACTGGGTGTAAAGGGAGCGCAGGCGGGAGAACAAGTTGGAAGTGAAATCCATGGGCTCAACCCATGAACTG	TRUE	0.832	0.116	0.16	0.079	0.761
Forearm	120	Firmicutes.Clostridia.Clostridiales.Veillonellaceae.Megasphaera.unknown	TACGTAGGTGGCAAGCGTTGTCCGGAATTATTGGGCGTAAAGGGCGCGCAGGCGGCTTCTTAAGTCTGTCTTAAAAGTGCGGGGCTTAACCCCGTGATGG	FALSE	0.888	0.163	0.393	0.418	0.189
Forearm	120	Firmicutes.Clostridia.Clostridiales.Veillonellaceae.Veillonella.unknown	TACGTAGGTGGCAAGCGTTGTCCGGAATTATTGGGCGTAAAGCGCGCGCAGGCGGCCTATCCAGTCTGTCTTAAAAGTTCGGGGCTCAACCCCGTGATGG	TRUE	0.93	0.744	0.343	0.602	0.055
Forearm	120	Firmicutes.Clostridia.Clostridiales.Veillonellaceae.Veillonella.dispar	TACGTAGGTGGCAAGCGTTGTCCGGAATTATTGGGCGTAAAGCGCGCGCAGGCGGATTGGTCAGTCTGTCTTAAAAGTTCGGGGCTTAACCCCGTGATGG	TRUE	0.916	0.837	0.561	0.345	0.095
Forearm	120	Firmicutes.Erysipelotrichi.Erysipelotrichales.Erysipelotrichaceae.Clostridium.ramosum	TACGTAGGTGGCAAGCGTTATCCGGAATTATTGGGCGTAAAGAGGGAGCAGGCGGCAGCAAGGGTCTGTGGTGAAAGCCTGAAGCTTAACTTCAGTAAGC	FALSE	0.825	0.116	0.343	0.405	0.252
Forearm	120	Fusobacteria.Fusobacteriia.Fusobacteriales.Fusobacteriaceae.unknown.unknown	TACGTATGTCGCAAGCGTTATCCGGATTTATTGGGCGTAAAGCGCGTCTAGGCGGTTTGGTAAGTCTGATGTGAAAATGCGGGGCTCAACTCCGTATTGC	FALSE	0.953	0.116	0.543	0.384	0.073
Forearm	120	Fusobacteria.Fusobacteriia.Fusobacteriales.Leptotrichiaceae.unknown.unknown	TACGTATGTCGCAAGCGTTATCCGGAATTATTGGGCTTAAAGGGCATCTAGGCGGTTTTTCAAGTCAGGGGTGAAAACTTATGGCTCAACTATAAGCTTG	FALSE	0.939	0.163	0.414	0.465	0.121
Forearm	120	Fusobacteria.Fusobacteriia.Fusobacteriales.Leptotrichiaceae.Leptotrichia.unknown	TACGTATGTCGCGAGCGTTATCCGGAATTATTGGGCATAAAGGGCATCTAGGCGGCCTTTCAAGTCAGGGGTGAAAACCTGCGGCTCAACCGCAGGCCTG	FALSE	0.908	0.233	0.453	0.387	0.161
Forearm	120	Fusobacteria.Fusobacteriia.Fusobacteriales.Leptotrichiaceae.Leptotrichia.unknown	TACGTATGTCGCAAGCGTTATCCGGAATTATTGGGCATAAAGGGCATCTAGGCGGCCAGATAAGTCTGGGGTGAAAACTTGCGGCTCAACCGCAAGCCTG	FALSE	0.9	0.233	0.334	0.561	0.105
Forearm	120	Fusobacteria.Fusobacteriia.Fusobacteriales.Leptotrichiaceae.Leptotrichia.unknown	TACGTATGTCGCGAGCGTTATCCGGAATTATTGGGCATAAAGGGCATCTAGGCGGTTATGCAAGTCAGGGGTGAAAACTTACGGCTCAACCGTGAGCTTG	FALSE	0.801	0.14	0.388	0.333	0.279
Forearm	120	Proteobacteria.Alphaproteobacteria.Rhizobiales.Methylobacteriaceae.unknown.unknown	TACGAAGGGGGCTAGCGTTGCTCGGAATCACTGGGCGTAAAGGGCGCGTAGGCGGCCGATTAAGTCGGGGGTGAAAGCCTGTGGCTCAACCACAGAATTG	FALSE	0.948	0.186	0.54	0.38	0.08
Forearm	120	Proteobacteria.Alphaproteobacteria.Rhizobiales.Rhizobiaceae.Agrobacterium.unknown	TACGAAGGGGGCTAGCGTTGTTCGGAATTACTGGGCGTAAAGCGCACGTAGGCGGACATTTAAGTCAGGGGTGAAATCCCAGAGCTCAACTCTGGAACTG	FALSE	0.836	0.14	0.34	0.426	0.233
Forearm	120	Proteobacteria.Alphaproteobacteria.Sphingomonadales.Sphingomonadaceae.Sphingobium.xenophagum	TACGGAGGGAGCTAGCGTTGTTCGGAATTACTGGGCGTAAAGCGCACGTAGGCGGCGATTTAAGTCAGAGGTGAAAGCCCGGGGCTCAACCCCGGAACTG	TRUE	0.795	0.116	0.495	0.294	0.211
Forearm	120	Proteobacteria.Alphaproteobacteria.Sphingomonadales.Sphingomonadaceae.Sphingomonas.unknown	TACGGAGGGAGCTAGCGTTGTTCGGAATTACTGGGCGTAAAGCGCACGTAGGCGGCTTTGTAAGTTAGAGGTGAAAGCCTGGAGCTCAACTCCAGAATTG	FALSE	0.933	0.209	0.431	0.435	0.134
Forearm	120	Proteobacteria.Betaproteobacteria.Burkholderiales.Comamonadaceae.unknown.unknown	TACGTAGGGTGCAAGCGTTAATCGGAATTACTGGGCGTAAAGCGTGCGCAGGCGGTTATGCAAGACAGAGGTGAAATCCCCGGGCTCAACCTGGGAACTG	FALSE	0.863	0.233	0.334	0.487	0.18
Forearm	120	Proteobacteria.Betaproteobacteria.Neisseriales.Neisseriaceae.Neisseria.unknown	TACGTAGGGTGCGAGCGTTAATCGGAATTACTGGGCGTAAAGCGAGCGCAGACGGTTACTTAAGCAGGATGTGAAATCCCCGGGCTCAACCTGGGAACTG	TRUE	0.853	0.628	0.317	0.524	0.159
Forearm	120	Proteobacteria.Gammaproteobacteria.Enterobacteriales.Enterobacteriaceae.unknown.unknown	TACGGAGGGTGCAAGCGTTAATCGGAATTACTGGGCGTAAAGCGCACGCAGGCGGTCTGTCAAGTCGGATGTGAAATCCCCGGGCTCAACCTGGGAACTG	TRUE	0.894	0.674	0.602	0.321	0.077
Forearm	120	Proteobacteria.Gammaproteobacteria.Enterobacteriales.Enterobacteriaceae.unknown.unknown	TACGGAGGGTGCAAGCGTTAATCGGAATTACTGGGCGTAAAGCGCACGCAGGCGGTTTGTTAAGTCAGATGTGAAATCCCCGGGCTCAACCTGGGAACTG	TRUE	0.864	0.558	0.482	0.337	0.182
Forearm	120	Proteobacteria.Gammaproteobacteria.Pasteurellales.Pasteurellaceae.Haemophilus.unknown	TACGGAGGGTGCGAGCGTTAATCGGAATAACTGGGCGTAAAGGGCACGCAGGCGGTTATTTAAGTGAGGTGTGAAAGCCCCGGGCTTAACCTGGGAATTG	TRUE	0.946	0.674	0.465	0.424	0.111
Forearm	120	Proteobacteria.Gammaproteobacteria.Pasteurellales.Pasteurellaceae.Haemophilus.parainfluenzae	TACGGAGGGTGCGAGCGTTAATCGGAATAACTGGGCGTAAAGGGCACGCAGGCGGTGACTTAAGTGAGGTGTGAAAGCCCCGGGCTTAACCTGGGAATTG	TRUE	0.95	0.837	0.462	0.431	0.107
Forearm	120	Proteobacteria.Gammaproteobacteria.Pseudomonadales.Moraxellaceae.Acinetobacter.unknown	TACAGAGGGTGCGAGCGTTAATCGGATTTACTGGGCGTAAAGCGTGCGTAGGCGGCTTTTTAAGTCGGATGTGAAATCCCTGAGCTTAACTTAGGAATTG	TRUE	0.927	0.674	0.548	0.358	0.095
Forearm	120	Proteobacteria.Gammaproteobacteria.Pseudomonadales.Moraxellaceae.Acinetobacter.unknown	TACAGAGGGTGCGAGCGTTAATCGGATTTACTGGGCGTAAAGCGCGCGTAGGTGGCTAATTAAGTCAAATGTGAAATCCCCGAGCTTAACTTGGGAATTG	FALSE	0.832	0.14	0.482	0.316	0.202
Forearm	120	Proteobacteria.Gammaproteobacteria.Pseudomonadales.Moraxellaceae.Acinetobacter.johnsonii	TACAGAGGGTGCGAGCGTTAATCGGATTTACTGGGCGTAAAGCGTGCGTAGGCGGCTTCTTAAGTCGGATGTGAAATCCCTGAGCTTAACTTAGGAATTG	FALSE	0.827	0.605	0.629	0.289	0.082
Forearm	120	Proteobacteria.Gammaproteobacteria.Pseudomonadales.Pseudomonadaceae.Pseudomonas.veronii	TACAGAGGGTGCAAGCGTTAATCGGAATTACTGGGCGTAAAGCGCGCGTAGGTGGTTAGTTAAGTTGGATGTGAAATCCCCGGGCTCAACCTGGGAACTG	TRUE	0.928	0.233	0.451	0.411	0.139
Forearm	180	[Thermi].Deinococci.Thermales.Thermaceae.Thermus.unknown	TACGGAGGGCGCGAGCGTTACCCGGATTCACTGGGCGTAAAGGGCGTGTAGGCGGCCTGGGGCGTCCCATGTGAAAGACCACGGCTCAACCGTGGGGGAG	TRUE	0.973	0.488	0.489	0.45	0.061
Forearm	180	Actinobacteria.Actinobacteria.Actinomycetales.Actinomycetaceae.Actinomyces.unknown	TACGTAGGGCGCGAGCGTTGTCCGGAATTATTGGGCGTAAAGGGCTTGTAGGCGGTTGGTCGCGTCTGCCGTGAAATCCTCTGGCTTAACTGGGGGCGTG	FALSE	0.927	0.721	0.355	0.54	0.105
Forearm	180	Actinobacteria.Actinobacteria.Actinomycetales.Corynebacteriaceae.Corynebacterium.unknown	TACGTAGGGTGCGAGCGTTGTCCGGAATTACTGGGCGTAAAGGGCTCGTAGGTGGTTTGTCGCGTCGTCTGTGAAATTCCGGGGCTTAACTCCGGGCGTG	TRUE	0.872	0.767	0.393	0.381	0.225
Forearm	180	Actinobacteria.Actinobacteria.Actinomycetales.Corynebacteriaceae.Corynebacterium.unknown	TACGTAGGGTGCAAGCGTTGTCCGGAATTACTGGGCGTAAAGAGCTCGTAGGTGGTTTGTCACGTCGTCTGTGAAATTCCACAGCTTAACTGTGGGCGTG	FALSE	0.951	0.442	0.387	0.524	0.089
Forearm	180	Actinobacteria.Actinobacteria.Actinomycetales.Corynebacteriaceae.Corynebacterium.unknown	TACGTAGGGTGCGAGCGTTGTCCGGAATTACTGGGCGTAAAGAGCTCGTAGGTGGTTTGTCGCGTCGTTTGTGTAAGCCCGCAGCTTAACTGCGGGACTG	TRUE	0.87	0.698	0.301	0.609	0.09
Forearm	180	Actinobacteria.Actinobacteria.Actinomycetales.Corynebacteriaceae.Corynebacterium.durum	TACGTAGGGTGCAAGCGTTGTCCGGATTTACTGGGCGTAAAGAGCTCGTAGGTGGTGTGTCGCGTCGTCTGTGAAATTCCGGGGCTTAACTCCGGGCGTG	FALSE	0.854	0.326	0.308	0.52	0.172
Forearm	180	Actinobacteria.Actinobacteria.Actinomycetales.Geodermatophilaceae.unknown.unknown	TACGTAGGGTGCAAGCGTTGTCCGGAATTATTGGGCGTAAAGAGCTCGTAGGCGGTTTGTTGCGTCGGCTGTGAAATCCCGAGGCTCAACCTCGGGTCTG	FALSE	0.905	0.14	0.369	0.462	0.169
Forearm	180	Actinobacteria.Actinobacteria.Actinomycetales.Micrococcaceae.unknown.unknown	TACGTAGGGCGCAAGCGTTATCCGGAATTATTGGGCGTAAAGAGCTCGTAGGCGGTTTGTCGCGTCTGCCGTGAAAGTCCGGGGCTTAACTCCGGATCTG	FALSE	0.879	0.163	0.327	0.509	0.164
Forearm	180	Actinobacteria.Actinobacteria.Actinomycetales.Micrococcaceae.Arthrobacter.unknown	TACGTAGGGCGCAAGCGTTATCCGGAATTATTGGGCGTAAAGAGCTCGTAGGCGGTTTGTCGCGTCTGCCGTGAAAGTCCGGGGCTCAACTCCGGATCTG	FALSE	0.906	0.186	0.381	0.444	0.175
Forearm	180	Actinobacteria.Actinobacteria.Actinomycetales.Micrococcaceae.Arthrobacter.unknown	TACGTAGGGCGCAAGCGTTATCCGGAATTATTGGGCGTAAAGAGCTCGTAGGCGGTTTGTCGCGTCTGCCGTGAAAGTCCGGGGCTTAACCCCGGATCTG	FALSE	0.864	0.186	0.396	0.369	0.235
Forearm	180	Actinobacteria.Actinobacteria.Actinomycetales.Micrococcaceae.Rothia.mucilaginosa	TACGTAGGGCGCGAGCGTTGTCCGGAATTATTGGGCGTAAAGAGCTTGTAGGCGGTTTGTCGCGTCTGCTGTGAAAGGCCGGGGCTTAACCCCGTGTATT	FALSE	0.898	0.488	0.368	0.449	0.182
Forearm	180	Actinobacteria.Coriobacteriia.Coriobacteriales.Coriobacteriaceae.Atopobium.unknown	TACGTAGGGGGCAAGCGTTATCCGGATTCATTGGGCGTAAAGCGCTCGTAGGCGGTCTGTTAGGTCGGGAGTTAAATCCGGGGGCTCAACCCCCGTTCGC	FALSE	0.838	0.372	0.349	0.383	0.268
Forearm	180	Bacteroidetes.Bacteroidia.Bacteroidales.[Paraprevotellaceae].[Prevotella].unknown	TACGGAAGGTCCAGGCGTTATCCGGATTTATTGGGTTTAAAGGGAGCGTAGGCGGATTATTAAGTCAGTGGTGAAAGACGGTGGCTCAACCATCGTTAGC	TRUE	0.879	0.767	0.348	0.455	0.197
Forearm	180	Bacteroidetes.Bacteroidia.Bacteroidales.Bacteroidaceae.Bacteroides.unknown	TACGGAGGATCCGAGCGTTATCCGGATTTATTGGGTTTAAAGGGAGCGTAGATGGATGTTTAAGTCAGTTGTGAAAGTTTGCGGCTCAACCGTAAAATTG	TRUE	0.912	0.279	0.547	0.34	0.113
Forearm	180	Bacteroidetes.Bacteroidia.Bacteroidales.Porphyromonadaceae.Porphyromonas.unknown	TACGGAGGATGCGAGCGTTATCCGGATTTATTGGGTTTAAAGGGTGCGTAGGCGGCCTGTTAAGTCAGCGGTGAAATCTAGGAGCTTAACTCCTAAATTG	TRUE	0.879	0.674	0.335	0.487	0.178
Forearm	180	Bacteroidetes.Bacteroidia.Bacteroidales.Porphyromonadaceae.Porphyromonas.unknown	TACGGAGGATGCGAGCGTTATCCGGATTTATTGGGTTTAAAGGGTGCGTAGGCGGTTTGTTAAGTCAGCGGTGAAATCTAGAGGCTCAACCTCGAAACTG	FALSE	0.809	0.605	0.516	0.284	0.2
Forearm	180	Bacteroidetes.Bacteroidia.Bacteroidales.Prevotellaceae.Prevotella.melaninogenica	TACGGAAGGTCCGGGCGTTATCCGGATTTATTGGGTTTAAAGGGAGCGTAGGCCGGAGATTAAGTGTGTTGTGAAATGTAGACGCTCAACGTCTGACTTG	FALSE	0.847	0.209	0.344	0.406	0.251
Forearm	180	Bacteroidetes.Flavobacteriia.Flavobacteriales.[Weeksellaceae].unknown.unknown	TACGGAGGGTGCAAGCGTTATCCGGATTTATTGGGTTTAAAGGGTCCGTAGGTGGGTTAGTAAGTCAGTGGTGAAATCCTGCAGCTTAACTGTAGAATTG	FALSE	0.873	0.326	0.502	0.325	0.173
Forearm	180	Bacteroidetes.Flavobacteriia.Flavobacteriales.[Weeksellaceae].unknown.unknown	TACGGAGGGTGCAAGCGTTATCCGGACTTATTGGGTTTAAAGGGTCCGTAGGCGGGTTATTAAGTCAGTGGTGAAATCTCATAGCTCAACTATGAAACTG	FALSE	0.856	0.279	0.138	0.107	0.755
Forearm	180	Bacteroidetes.Flavobacteriia.Flavobacteriales.[Weeksellaceae].Cloacibacterium.unknown	TACGGAGGGTGCAAGCGTTATCCGGATTTATTGGGTTTAAAGGGTCCGTAGGCGGACTTATAAGTCAGTGGTGAAAGCCTGTCGCTTAACGATAGAACTG	FALSE	0.926	0.233	0.559	0.348	0.093
Forearm	180	Firmicutes.Bacilli.Bacillales.Bacillaceae.Geobacillus.unknown	TACGTAGGGGGCGAGCGTTGTCCGGAATTATTGGGCGTAAAGCGCGCGCAGGCGGTCTCTTAAGTCTGATGTGAAAGCCCACGGCTCAACCGTGGAGGGT	FALSE	0.862	0.14	0.392	0.37	0.238
Forearm	180	Firmicutes.Bacilli.Bacillales.Staphylococcaceae.Staphylococcus.unknown	TACGTAGGTGGCAAGCGTTATCCGGAATTATTGGGCGTAAAGCGCGCGTAGGCGGTTTCTTAAGTCTGATGTGAAAGCCCACGGCTCAACCGTGGAGGGT	FALSE	0.883	0.256	0.467	0.346	0.187
Forearm	180	Firmicutes.Bacilli.Gemellales.Gemellaceae.unknown.unknown	TACGTAGGTGGCAAGCGTTGTCCGGAATTATTGGGCGTAAAGCGCGCGCAGGTGGTTTAATAAGTCTGATGTGAAAGCCCACGGCTCAACCGTGGAGGGT	TRUE	0.885	0.86	0.536	0.324	0.14
Forearm	180	Firmicutes.Bacilli.Lactobacillales.Streptococcaceae.Streptococcus.unknown	TACGTAGGTCCCGAGCGTTGTCCGGATTTATTGGGCGTAAAGCGAGCGCAGGCGGTTTGATAAGTCTGAAGTTAAAGGCTGTGGCTCAACCATAGTTCGC	TRUE	0.979	0.744	0.506	0.451	0.043
Forearm	180	Firmicutes.Clostridia.Clostridiales.[Mogibacteriaceae].Mogibacterium.unknown	TACGTAGGGGGCAAGCGTTATCCGGAATTATTGGGCGTAAAGAGTGCGTAGGTGGTTACCTAAGCGCAAGGTTTAATTTAGAGGCTCAACCTCTACTTGC	FALSE	0.834	0.116	0.389	0.341	0.27
Forearm	180	Firmicutes.Clostridia.Clostridiales.[Tissierellaceae].Anaerococcus.unknown	TACGTATGGACCGAGCGTTGTCCGGAATCATTGGGCGTAAAGGGTACGTAGGCGGCCCAGTAAGTTAGAAGTGAAATAATATAGCTCAACTATATAAAGC	TRUE	0.895	0.186	0.366	0.449	0.185
Forearm	180	Firmicutes.Clostridia.Clostridiales.[Tissierellaceae].Anaerococcus.unknown	TACGTAAGGACCGAGCGTTGTCCGGAATCATTGGGCGTAAAGGGTACGTAGGCGGGTCATTAAGTTAGAAGTCAAAGGCTATAGCTCAACTATAGTAAGC	TRUE	0.891	0.419	0.436	0.37	0.195
Forearm	180	Firmicutes.Clostridia.Clostridiales.[Tissierellaceae].Anaerococcus.unknown	TACGTAAGGACCGAGCGTTGTCCGGAATCATTGGGCGTAAAGGGTACGTAGGCGGCTAGAAAAGTTAGAAGTCAAAGGCTATAGCTCAACTATAGTAAGC	TRUE	0.868	0.465	0.312	0.539	0.149
Forearm	180	Firmicutes.Clostridia.Clostridiales.[Tissierellaceae].Anaerococcus.unknown	TACGTAAGGACCGAGCGTTGTCCGGAATCATTGGGCGTAAAGGGTACGTAGGCGGTTAGAAAAGTTAGAAGTGAAAGGCTATAGCTCAACTATAGTAAGC	TRUE	0.854	0.163	0.312	0.504	0.185
Forearm	180	Firmicutes.Clostridia.Clostridiales.[Tissierellaceae].ph2.unknown	TACGTAGGGGGCGAGCGTTGTTCGGAATTATTGGGCGTAAAGGGTACGTAGGCGGTTTGTTAAGTTTGGCGTTAAATCACGGGGCTCAACCCCGTTCAGC	TRUE	0.84	0.14	0.303	0.508	0.19
Forearm	180	Firmicutes.Clostridia.Clostridiales.Lachnospiraceae.Oribacterium.unknown	TACGTAGGGGGCAAGCGTTATCCGGATTTACTGGGTGTAAAGGGAGCGTAGACGGAATGGCAAGTCTGAAGTGAAATACCCGGGCTCAACCTGGGAACTG	FALSE	0.807	0.186	0.28	0.552	0.168
Forearm	180	Firmicutes.Clostridia.Clostridiales.Veillonellaceae.Veillonella.unknown	TACGTAGGTGGCAAGCGTTGTCCGGAATTATTGGGCGTAAAGCGCGCGCAGGCGGCCTATCCAGTCTGTCTTAAAAGTTCGGGGCTCAACCCCGTGATGG	TRUE	0.959	0.767	0.393	0.534	0.073
Forearm	180	Firmicutes.Clostridia.Clostridiales.Veillonellaceae.Veillonella.dispar	TACGTAGGTGGCAAGCGTTGTCCGGAATTATTGGGCGTAAAGCGCGCGCAGGCGGATTGGTCAGTCTGTCTTAAAAGTTCGGGGCTTAACCCCGTGATGG	TRUE	0.813	0.884	0.276	0.615	0.108
Forearm	180	Firmicutes.Clostridia.Clostridiales.Veillonellaceae.Veillonella.parvula	TACGTAGGTGGCAAGCGTTGTCCGGAATTATTGGGCGTAAAGCGCGCGCAGGCGGATCAGTCAGTCTGTCTTAAAAGTTCGGGGCTTAACCCCGTGATGG	TRUE	0.805	0.302	0.403	0.306	0.29
Forearm	180	Fusobacteria.Fusobacteriia.Fusobacteriales.Leptotrichiaceae.Leptotrichia.unknown	TACGTATGTCGCGAGCGTTATCCGGAATTATTGGGCATAAAGGGCATCTAGGCGGTTATGCAAGTCAGGGGTGAAAACTTACGGCTCAACCGTGAGCTTG	FALSE	0.884	0.256	0.52	0.328	0.153
Forearm	180	Proteobacteria.Alphaproteobacteria.Caulobacterales.Caulobacteraceae.Brevundimonas.unknown	TACGAAGGGGGCTAGCGTTGCTCGGAATTACTGGGCGTAAAGGGAGCGTAGGCGGACATTTAAGTCAGGGGTGAAATCCCGGGGCTCAACCTCGGAATTG	FALSE	0.908	0.395	0.457	0.375	0.168
Forearm	180	Proteobacteria.Alphaproteobacteria.Rhizobiales.Methylobacteriaceae.Methylobacterium.adhaesivum	TACGAAGGGGGCTAGCGTTGCTCGGAATCACTGGGCGTAAAGGGCGCGTAGGCGGCCATTCAAGTCGGGGGTGAAAGCCTGTGGCTCAACCACAGAATTG	FALSE	0.827	0.209	0.373	0.345	0.282
Forearm	180	Proteobacteria.Alphaproteobacteria.Rhodobacterales.Rhodobacteraceae.Paracoccus.unknown	TACGGAGGGGGCTAGCGTTGTTCGGAATTACTGGGCGTAAAGCGCACGTAGGCGGACCAGAAAGTTGGGGGTGAAATCCCGGGGCTCAACCTCGGAACTG	FALSE	0.931	0.442	0.384	0.485	0.131
Forearm	180	Proteobacteria.Alphaproteobacteria.Sphingomonadales.Sphingomonadaceae.unknown.unknown	TACGGAGGGAGCTAGCGTTGTTCGGAATTACTGGGCGTAAAGCGCACGTAGGCGGCGATTCAAGTCAGAGGTGAAAGCCCGGGGCTCAACCCCGGAACTG	FALSE	0.841	0.163	0.402	0.34	0.258
Forearm	180	Proteobacteria.Alphaproteobacteria.Sphingomonadales.Sphingomonadaceae.Sphingobium.unknown	TACGGAGGGGGCTAGCGTTGTTCGGAATTACTGGGCGTAAAGCGCACGTAGGCGGCGATTTAAGTCAGAGGTGAAAGCCCGGGGCTCAACCCCGGAACTG	TRUE	0.957	0.116	0.518	0.399	0.083
Forearm	180	Proteobacteria.Betaproteobacteria.Burkholderiales.Comamonadaceae.unknown.unknown	TACGTAGGGTGCGAGCGTTAATCGGAATTACTGGGCGTAAAGCGTGCGCAGGCGGTTTTGTAAGACAGAGGTGAAATCCCCGGGCTCAACCTGGGAACTG	FALSE	0.818	0.163	0.318	0.403	0.279
Forearm	180	Proteobacteria.Betaproteobacteria.Burkholderiales.Oxalobacteraceae.unknown.unknown	TACGTAGGGTGCAAGCGTTAATCGGAATTACTGGGCGTAAAGCGTGCGCAGGCGGTTTTGTAAGTCTGTCGTGAAATCCCCGGGCTCAACCTGGGAATTG	FALSE	0.84	0.279	0.613	0.287	0.1
Forearm	180	Proteobacteria.Betaproteobacteria.Burkholderiales.Oxalobacteraceae.Janthinobacterium.unknown	TACGTAGGGTGCAAGCGTTAATCGGAATTACTGGGCGTAAAGCGTGCGCAGGCGGTTTTGTAAGACTGTCGTGAAATCCCCGGGCTCAACCTGGGAATGG	FALSE	0.804	0.14	0.192	0.104	0.704
Forearm	180	Proteobacteria.Betaproteobacteria.Burkholderiales.Oxalobacteraceae.Massilia.unknown	TACGTAGGGTGCAAGCGTTAATCGGAATTACTGGGCGTAAAGCGTGCGCAGGCGGTTTTGTAAGTCTGACGTGAAATCCCCGGGCTCAACCTGGGAATTG	FALSE	0.865	0.209	0.491	0.323	0.186
Forearm	180	Proteobacteria.Betaproteobacteria.Neisseriales.Neisseriaceae.unknown.unknown	TACGTAGGGTGCAAGCGTTAATCGGAATTATTGGGCGTAAAGCGAGTGCAGACGGTTACTTAAGCCAGATGTGAAATCCCCAAGCTTAACTTGGGACGTG	TRUE	0.973	0.488	0.463	0.474	0.062
Forearm	180	Proteobacteria.Betaproteobacteria.Neisseriales.Neisseriaceae.Neisseria.unknown	TACGTAGGGTGCGAGCGTTAATCGGAATTACTGGGCGTAAAGCGAGCGCAGACGGTTACTTAAGCAGGATGTGAAATCCCCGGGCTCAACCTGGGAACTG	TRUE	0.973	0.767	0.409	0.55	0.04
Forearm	180	Proteobacteria.Epsilonproteobacteria.Campylobacterales.Campylobacteraceae.Campylobacter.unknown	TACGGAGGGTGCAAGCGTTACTCGGAATCACTGGGCGTAAAGGGTGCGTAGGTGGATTATCAAGTCTCTTGTGAAATCTAATAGCTTAACTATTAAATTG	TRUE	0.813	0.116	0.301	0.439	0.259
Forearm	180	Proteobacteria.Gammaproteobacteria.Enterobacteriales.Enterobacteriaceae.unknown.unknown	TACGGAGGGTGCAAGCGTTAATCGGAATTACTGGGCGTAAAGCGCACGCAGGCGGTCTGTCAAGTCGGATGTGAAATCCCCGGGCTCAACCTGGGAACTG	TRUE	0.88	0.814	0.326	0.515	0.159
Forearm	180	Proteobacteria.Gammaproteobacteria.Enterobacteriales.Enterobacteriaceae.unknown.unknown	TACGGAGGGTGCAAGCGTTAATCGGAATTACTGGGCGTAAAGCGCACGCAGGCGGTTTGTTAAGTCAGATGTGAAATCCCCGGGCTCAACCTGGGAACTG	TRUE	0.862	0.326	0.368	0.395	0.238
Forearm	180	Proteobacteria.Gammaproteobacteria.Pasteurellales.Pasteurellaceae.Haemophilus.unknown	TACGGAGGGTGCGAGCGTTAATCGGAATAACTGGGCGTAAAGGGCACGCAGGCGGTTATTTAAGTGAGGTGTGAAAGCCCCGGGCTTAACCTGGGAATTG	TRUE	0.83	0.721	0.28	0.649	0.071
Forearm	180	Proteobacteria.Gammaproteobacteria.Pseudomonadales.Moraxellaceae.Acinetobacter.unknown	TACAGAGGGTGCGAGCGTTAATCGGATTTACTGGGCGTAAAGCGTGCGTAGGCGGCTAATTGAGTCGGATGTGAAATCCCCGAGCTTAACTTGGGAATTG	TRUE	0.814	0.465	0.355	0.343	0.302
Forearm	180	Proteobacteria.Gammaproteobacteria.Pseudomonadales.Moraxellaceae.Acinetobacter.johnsonii	TACAGAGGGTGCGAGCGTTAATCGGATTTACTGGGCGTAAAGCGTGCGTAGGCGGCTTCTTAAGTCGGATGTGAAATCCCTGAGCTTAACTTAGGAATTG	FALSE	0.838	0.465	0.546	0.295	0.159
Forearm	180	Proteobacteria.Gammaproteobacteria.Pseudomonadales.Moraxellaceae.Moraxella.unknown	TACAGAGGGTGCAAGCGTTAATCGGAATTACTGGGCGTAAAGCGCGCGTAGGTGGTTATTTAAGTCAGATGTGAAAGCCCCGGGCTTAACCTGGGAACTG	FALSE	0.919	0.302	0.342	0.559	0.099
Forearm	180	Proteobacteria.Gammaproteobacteria.Pseudomonadales.Moraxellaceae.Psychrobacter.pulmonis	TACAGAGGGTGCAAGCGTTAATCGGAATTACTGGGCGTAAAGCGAGCGTAGGTGGCTTGATAAGTCAGATGTGAAAGCCCCGGGCTTAACCTGGGAACGG	FALSE	0.871	0.186	0.469	0.335	0.196
Forearm	180	Proteobacteria.Gammaproteobacteria.Pseudomonadales.Pseudomonadaceae.Pseudomonas.veronii	TACAGAGGGTGCAAGCGTTAATCGGAATTACTGGGCGTAAAGCGCGCGTAGGTGGTTAGTTAAGTTGGATGTGAAATCCCCGGGCTCAACCTGGGAACTG	TRUE	0.933	0.279	0.354	0.556	0.089
Mouth	2	[Thermi].Deinococci.Thermales.Thermaceae.Thermus.unknown	TACGGAGGGCGCGAGCGTTACCCGGATTCACTGGGCGTAAAGGGCGTGTAGGCGGCCTGGGGCGTCCCATGTGAAAGACCACGGCTCAACCGTGGGGGAG	TRUE	0.857	0.289	0.322	0.535	0.143
Mouth	2	Actinobacteria.Actinobacteria.Actinomycetales.Corynebacteriaceae.Corynebacterium.unknown	TACGTAGGGTGCAAGCGTTGTCCGGAATTACTGGGCGTAAAGAGCTCGTAGGTGGTTTGTCACGTCGTCTGTGAAATTCCACAGCTTAACTGTGGGCGTG	FALSE	0.834	0.276	0.304	0.577	0.119
Mouth	2	Actinobacteria.Actinobacteria.Actinomycetales.Corynebacteriaceae.Corynebacterium.unknown	TACGTAGGGTGCGAGCGTTGTCCGGAATTACTGGGCGTAAAGAGCTCGTAGGCGGTTTGTCACGTCGTCTGTGAAATCCTAGGGCTTAACCCTGGACGTG	TRUE	0.822	0.408	0.49	0.317	0.193
Mouth	2	Actinobacteria.Actinobacteria.Actinomycetales.Micrococcaceae.Rothia.mucilaginosa	TACGTAGGGCGCGAGCGTTGTCCGGAATTATTGGGCGTAAAGAGCTTGTAGGCGGTTTGTCGCGTCTGCTGTGAAAGGCCGGAGCTTAACTCCGTGTATT	FALSE	0.975	0.539	0.539	0.416	0.045
Mouth	2	Actinobacteria.Actinobacteria.Actinomycetales.Micrococcaceae.Rothia.mucilaginosa	TACGTAGGGCGCGAGCGTTGTCCGGAATTATTGGGCGTAAAGAGCTTGTAGGCGGTTTGTCGCGTCTGCTGTGAAAGGCCGGGGCTTAACCCCGTGTATT	FALSE	0.965	0.487	0.563	0.389	0.048
Mouth	2	Actinobacteria.Actinobacteria.Actinomycetales.Micrococcaceae.Rothia.mucilaginosa	TACGTAGGGCGCGAGCGTTGTCCGGAATTATTGGGCGTAAAGAGCTTGTAGGCGGTTTGTCGCGTCTGCTGTGAAAGGCCGGGGCTTAACTCCGTGTATT	TRUE	0.816	0.303	0.522	0.307	0.172
Mouth	2	Actinobacteria.Actinobacteria.Bifidobacteriales.Bifidobacteriaceae.Bifidobacterium.unknown	TACGTAGGGTGCAAGCGTTATCCGGAATTATTGGGCGTAAAGGGCTCGTAGGCGGTTCGTCGCGTCCGGTGTGAAAGTCCATCGCTTAACGGTGGATCCG	TRUE	0.877	0.5	0.575	0.322	0.102
Mouth	2	Bacteroidetes.Bacteroidia.Bacteroidales.Bacteroidaceae.Bacteroides.unknown	TACGGAGGATCCGAGCGTTATCCGGATTTATTGGGTTTAAAGGGAGCGTAGATGGATGTTTAAGTCAGTTGTGAAAGTTTGCGGCTCAACCGTAAAATTG	TRUE	0.968	0.276	0.477	0.446	0.076
Mouth	2	Bacteroidetes.Flavobacteriia.Flavobacteriales.[Weeksellaceae].unknown.unknown	TACGGAGGGTGCAAGCGTTATCCGGATTTATTGGGTTTAAAGGGTCCGTAGGTGGGTTAGTAAGTCAGTGGTGAAATCCTGCAGCTTAACTGTAGAATTG	FALSE	0.852	0.118	0.542	0.318	0.14
Mouth	2	Firmicutes.Bacilli.Gemellales.Gemellaceae.unknown.unknown	TACGTAGGTGGCAAGCGTTGTCCGGAATTATTGGGCGTAAAGCGCGCGCAGGTGGTTTAATAAGTCTGATGTGAAAGCCCACGGCTCAACCGTGGAGGGT	TRUE	0.982	0.934	0.57	0.413	0.017
Mouth	2	Firmicutes.Bacilli.Lactobacillales.Streptococcaceae.Streptococcus.unknown	TACGTAGGTCCCGAGCGTTGTCCGGATTTATTGGGCGTAAAGCGAGCGCAGGCGGTTAGATAAGTCTGAAGTTAAAGGCTGTGGCTTAACCATAGTACGC	TRUE	0.928	0.961	0.65	0.332	0.019
Mouth	2	Firmicutes.Clostridia.Clostridiales.[Tissierellaceae].Peptoniphilus.unknown	TACGTAGGGGGCTAGCGTTGTCCGGAATCACTGGGCGTAAAGGGTTCGCAGGCGGAAATGCAAGTCAGATGTAAAAGGCAGTAGCTTAACTACTGTAAGC	TRUE	0.844	0.132	0.37	0.407	0.223
Mouth	2	Firmicutes.Clostridia.Clostridiales.Veillonellaceae.Veillonella.dispar	TACGTAGGTGGCAAGCGTTGTCCGGAATTATTGGGCGTAAAGCGCGCGCAGGCGGATAGGTCAGTCTGTCTTAAAAGTTCGGGGCTTAACCCCGTGATGG	TRUE	0.855	0.289	0.392	0.393	0.215
Mouth	2	Proteobacteria.Betaproteobacteria.Burkholderiales.Burkholderiaceae.Lautropia.unknown	TACGTAGGGTGCAAGCGTTAATCGGAATTACTGGGCGTAAAGAGTGCGCAGGCGGTTTTGCAAGACCGATGTGAAATCCCCGGGCTTAACCTGGGAACTG	FALSE	0.839	0.171	0.363	0.411	0.226
Mouth	2	Proteobacteria.Betaproteobacteria.Burkholderiales.Oxalobacteraceae.Ralstonia.unknown	TACGTAGGGTCCAAGCGTTAATCGGAATTACTGGGCGTAAAGCGTGCGCAGGCGGTTGTGCAAGACCGATGTGAAATCCCCGGGCTTAACCTGGGAATTG	FALSE	0.819	0.132	0.171	0.052	0.778
Mouth	2	Proteobacteria.Betaproteobacteria.Neisseriales.Neisseriaceae.Neisseria.unknown	TACGTAGGGTGCGAGCGTTAATCGGAATTACTGGGCGTAAAGCGAGCGCAGACGGTTACTTAAGCAGGATGTGAAATCCCCGGGCTCAACCTGGGAACTG	TRUE	0.812	0.658	0.3	0.552	0.148
Mouth	2	Proteobacteria.Gammaproteobacteria.Pasteurellales.Pasteurellaceae.Haemophilus.unknown	TACGGAGGGTGCGAGCGTTAATCGGAATAACTGGGCGTAAAGGGCACGCAGGCGGTTATTTAAGTGAGGTGTGAAAGCCCCGGGCTTAACCTGGGAATTG	TRUE	0.948	0.658	0.534	0.382	0.084
Mouth	2	Proteobacteria.Gammaproteobacteria.Pasteurellales.Pasteurellaceae.Haemophilus.parainfluenzae	TACGGAGGGTGCGAGCGTTAATCGGAATAACTGGGCGTAAAGGGCACGCAGGCGGTGACTTAAGTGAGGTGTGAAAGCCCCGGGCTTAACCTGGGAATTG	TRUE	0.905	0.684	0.336	0.577	0.087
Mouth	2	Proteobacteria.Gammaproteobacteria.Pseudomonadales.Moraxellaceae.Acinetobacter.unknown	TACAGAGGGTGCGAGCGTTAATCGGATTTACTGGGCGTAAAGCGTGCGTAGGCGGCTTTTTAAGTCGGATGTGAAATCCCTGAGCTTAACTTAGGAATTG	TRUE	0.856	0.25	0.438	0.359	0.203
Mouth	30	Actinobacteria.Actinobacteria.Actinomycetales.Corynebacteriaceae.Corynebacterium.unknown	TACGTAGGGTGCGAGCGTTGTCCGGAATTACTGGGCGTAAAGGGCTCGTAGGTGGTTTGTCGCGTCGTCTGTGAAATTCTGGGGCTTAACTCCGGGCGTG	FALSE	0.945	0.304	0.494	0.43	0.076
Mouth	30	Actinobacteria.Actinobacteria.Actinomycetales.Micrococcaceae.Rothia.mucilaginosa	TACGTAGGGCGCGAGCGTTGTCCGGAATTATTGGGCGTAAAGAGCTTGTAGGCGGTTTGTCGCGTCTGCTGTGAAAGGCCGGAGCTTAACTCCGTGTATT	FALSE	0.908	0.543	0.342	0.62	0.038
Mouth	30	Bacteroidetes.Bacteroidia.Bacteroidales.Bacteroidaceae.Bacteroides.unknown	TACGGAGGATCCGAGCGTTATCCGGATTTATTGGGTTTAAAGGGAGCGTAGATGGATGTTTAAGTCAGTTGTGAAAGTTTGCGGCTCAACCGTAAAATTG	TRUE	0.928	0.293	0.552	0.379	0.069
Mouth	30	Bacteroidetes.Bacteroidia.Bacteroidales.Prevotellaceae.Prevotella.melaninogenica	TACGGAAGGTCCAGGCGTTATCCGGATTTATTGGGTTTAAAGGGAGCGTAGGCTGGAGATTAAGTGTGTTGTGAAATGTAGACGCTCAACGTCTGAATTG	TRUE	0.911	0.261	0.423	0.45	0.127
Mouth	30	Bacteroidetes.Flavobacteriia.Flavobacteriales.[Weeksellaceae].unknown.unknown	TACGGAGGGTGCAAGCGTTATCCGGATTTATTGGGTTTAAAGGGTCCGTAGGTGGGTTGGTAAGTCAGTGGTGAAATCCTGCAGCTTAACTGTAGAATTG	FALSE	0.947	0.37	0.427	0.504	0.07
Mouth	30	Bacteroidetes.Flavobacteriia.Flavobacteriales.[Weeksellaceae].unknown.unknown	TACGGAGGGTGCAAGCGTTATCCGGATTTATTGGGTTTAAAGGGTCCGTAGGTGGGTTAGTAAGTCAGTGGTGAAATCCTGCAGCTTAACTGTAGAATTG	FALSE	0.927	0.37	0.446	0.447	0.107
Mouth	30	Firmicutes.Bacilli.Gemellales.Gemellaceae.unknown.unknown	TACGTAGGTGGCAAGCGTTGTCCGGAATTATTGGGCGTAAAGCGCGCGCAGGTGGTTTAATAAGTCTGATGTGAAAGCCCACGGCTCAACCGTGGAGGGT	TRUE	0.842	0.967	0.641	0.305	0.053
Mouth	30	Firmicutes.Bacilli.Lactobacillales.Aerococcaceae.Alloiococcus.unknown	TACGTAGGTGACAAGCGTTGTCCGGATTTATTGGGCGTAAAGGGAGCGCAGGCGGTCTGTTTAGTCTAATGTGAAAGCCCACGGCTTAACCGTGGAACGG	FALSE	0.87	0.37	0.492	0.359	0.149
Mouth	30	Firmicutes.Bacilli.Lactobacillales.Lactobacillaceae.Lactobacillus.unknown	TACGTAGGTGGCAAGCGTTGTCCGGATTTATTGGGCGTAAAGCGAGTGCAGGCGGTTCAATAAGTCTGATGTGAAAGCCTTCGGCTCAACCGGAGAATTG	TRUE	0.947	0.424	0.411	0.528	0.061
Mouth	30	Firmicutes.Bacilli.Lactobacillales.Lactobacillaceae.Lactobacillus.helveticus	TACGTAGGTGGCAAGCGTTGTCCGGATTTATTGGGCGTAAAGCGAGCGCAGGCGGAAGAATAAGTCTGATGTGAAAGCCCTCGGCTTAACCGAGGAACTG	TRUE	0.869	0.38	0.413	0.411	0.176
Mouth	30	Firmicutes.Bacilli.Lactobacillales.Streptococcaceae.Streptococcus.unknown	TACGTAGGTCCCGAGCGTTGTCCGGATTTATTGGGCGTAAAGCGAGCGCAGGCGGTTAGATAAGTCTGAAGTTAAAGGCTGTGGCTTAACCATAGTACGC	TRUE	0.89	0.989	0.645	0.327	0.029
Mouth	30	Firmicutes.Bacilli.Lactobacillales.Streptococcaceae.Streptococcus.unknown	TACGTAGGTCCCGAGCGTTATCCGGATTTATTGGGCGTAAAGCGAGCGCAGGCGGTTAGATAAGTCTGAAGTTAAAGGCTGTGGCTTAACCATAGTACGC	TRUE	0.921	0.359	0.519	0.389	0.093
Mouth	30	Firmicutes.Clostridia.Clostridiales.[Tissierellaceae].Anaerococcus.unknown	TACGTAAGGACCGAGCGTTGTCCGGAATCATTGGGCGTAAAGGGTACGTAGGCGGCTAGAAAAGTTAGAAGTCAAAGGCTATAGCTCAACTATAGTAAGC	TRUE	0.885	0.283	0.424	0.418	0.158
Mouth	30	Firmicutes.Clostridia.Clostridiales.Veillonellaceae.Veillonella.unknown	TACGTAGGTGGCAAGCGTTGTCCGGAATTATTGGGCGTAAAGCGCGCGCAGGCGGCCTATCCAGTCTGTCTTAAAAGTTCGGGGCTCAACCCCGTGATGG	TRUE	0.927	0.728	0.54	0.384	0.077
Mouth	30	Firmicutes.Clostridia.Clostridiales.Veillonellaceae.Veillonella.parvula	TACGTAGGTGGCAAGCGTTGTCCGGAATTATTGGGCGTAAAGCGCGCGCAGGCGGATCAGTTAGTCTGTCTTAAAAGTTCGGGGCTTAACCCCGTGATGG	FALSE	0.851	0.207	0.34	0.509	0.152
Mouth	30	Firmicutes.Erysipelotrichi.Erysipelotrichales.Erysipelotrichaceae.Allobaculum.unknown	TACGTAGGTGGCGAGCGTTATCCGGAATGATTGGGCGTAAAGGGTGCGCAGGCGGTCCTGCAAGTCTGGAGTGAAACGCATGAGCTCAACTCATGCATGG	FALSE	0.884	0.109	0.426	0.415	0.159
Mouth	30	Fusobacteria.Fusobacteriia.Fusobacteriales.Fusobacteriaceae.Fusobacterium.unknown	TACGTATGTCACAAGCGTTATCCGGATTTATTGGGCGTAAAGCGCGTCTAGGTGGTTATGTAAGTCTGATGTGAAAATGCAGGGCTCAACTCTGTATTGC	TRUE	0.871	0.359	0.524	0.347	0.129
Mouth	30	Proteobacteria.Betaproteobacteria.Neisseriales.Neisseriaceae.Neisseria.unknown	TACGTAGGGTGCGAGCGTTAATCGGAATTACTGGGCGTAAAGCGAGCGCAGACGGTTACTTAAGCAGGATGTGAAATCCCCGGGCTCAACCTGGGAACTG	TRUE	0.886	0.533	0.372	0.491	0.137
Mouth	30	Proteobacteria.Gammaproteobacteria.Pasteurellales.Pasteurellaceae.Haemophilus.parainfluenzae	TACGGAGGGTGCGAGCGTTAATCGGAATAACTGGGCGTAAAGGGCACGCAGGCGGTGACTTAAGTGAGGTGTGAAAGCCCCGGGCTTAACCTGGGAATTG	TRUE	0.956	0.685	0.462	0.477	0.061
Mouth	30	Proteobacteria.Gammaproteobacteria.Pseudomonadales.Moraxellaceae.Moraxella.unknown	TACAGAGGGTGCAAGCGTTAATCGGAATTACTGGGCGTAAAGCGCGCGTAGGTGGTTATTTAAGTCAGATGTGAAAGCCCCGGGCTTAACCTGGGAACTG	FALSE	0.838	0.37	0.32	0.55	0.13
Mouth	120	Actinobacteria.Actinobacteria.Actinomycetales.Actinomycetaceae.Actinomyces.unknown	TACGTAGGGCGCAAGCGTTGTCCGGAATTATTGGGCGTAAAGAGCTCGTAGGCGGCTGGTCGCGTCTGTCGTGAAAACTTCCGGCTCAACCGGGGGCTTG	FALSE	0.962	0.447	0.423	0.508	0.069
Mouth	120	Actinobacteria.Actinobacteria.Actinomycetales.Corynebacteriaceae.Corynebacterium.unknown	TACGTAGGGTGCGAGCGTTGTCCGGAATTACTGGGCGTAAAGAGCTCGTAGGCGGTTTGTCACGTCGTCTGTGAAATCCTAGGGCTTAACCCTGGACGTG	TRUE	0.823	0.298	0.412	0.339	0.249
Mouth	120	Actinobacteria.Actinobacteria.Actinomycetales.Micrococcaceae.Rothia.mucilaginosa	TACGTAGGGCGCGAGCGTTGTCCGGAATTATTGGGCGTAAAGAGCTTGTAGGCGGTTTGTCGCGTCTGCTGTGAAAGGCCGGGGCTTAACCCCGTGTATT	FALSE	0.95	0.511	0.494	0.414	0.092
Mouth	120	Actinobacteria.Actinobacteria.Actinomycetales.Micrococcaceae.Rothia.mucilaginosa	TACGTAGGGCGCGAGCGTTGTCCGGAATTATTGGGCGTAAAGAGCTTGTAGGCGGTTTGTCGCGTCTGCTGTGAAAGGCCGGAGCTTAACTCCGTGTATT	FALSE	0.878	0.404	0.578	0.32	0.102
Mouth	120	Bacteroidetes.Bacteroidia.Bacteroidales.[Paraprevotellaceae].[Prevotella].unknown	TACGGAAGGTCCAGGCGTTATCCGGATTTATTGGGTTTAAAGGGAGCGTAGGCGGATTATTAAGTCAGTGGTGAAAGACGGTGGCTCAACCATCGTTAGC	TRUE	0.792	0.617	0.279	0.609	0.112
Mouth	120	Bacteroidetes.Bacteroidia.Bacteroidales.Bacteroidaceae.Bacteroides.unknown	TACGGAGGATCCGAGCGTTATCCGGATTTATTGGGTTTAAAGGGAGCGTAGATGGATGTTTAAGTCAGTTGTGAAAGTTTGCGGCTCAACCGTAAAATTG	TRUE	0.942	0.234	0.428	0.46	0.112
Mouth	120	Bacteroidetes.Bacteroidia.Bacteroidales.Porphyromonadaceae.Porphyromonas.unknown	TACGGAGGATGCGAGCGTTATCCGGATTTATTGGGTTTAAAGGGTGCGTAGGCGGTTTGTTAAGTCAGCGGTGAAATCTAGAGGCTCAACCTCGAAACTG	FALSE	0.929	0.702	0.428	0.439	0.133
Mouth	120	Bacteroidetes.Bacteroidia.Bacteroidales.Prevotellaceae.Prevotella.unknown	TACGGAAGGTCCAGGCGTTATCCGGATTTATTGGGTTTAAAGGGAGCGTAGGCCGTGGATTAAGCGTGTTGTGAAATGTAGACGCTCAACGTCTGAATTG	TRUE	0.916	0.17	0.455	0.398	0.147
Mouth	120	Bacteroidetes.Bacteroidia.Bacteroidales.Prevotellaceae.Prevotella.copri	TACGGAAGGTCCGGGCGTTATCCGGATTTATTGGGTTTAAAGGGAGCGTAGGCCGGAGATTAAGCGTGTTGTGAAATGTAGACGCTCAACGTCTGCACTG	TRUE	0.801	0.128	0.332	0.391	0.277
Mouth	120	Bacteroidetes.Bacteroidia.Bacteroidales.Prevotellaceae.Prevotella.melaninogenica	TACGGAAGGTCCAGGCGTTATCCGGATTTATTGGGTTTAAAGGGAGCGTAGGCTGGAGATTAAGTGTGTTGTGAAATGTAGACGCTCAACGTCTGAATTG	TRUE	0.957	0.617	0.435	0.48	0.085
Mouth	120	Bacteroidetes.Bacteroidia.Bacteroidales.S24-7.unknown.unknown	TACGGAGGATGCGAGCGTTATCCGGATTTATTGGGTTTAAAGGGTGCGTAGGCGGCCTGCCAAGTCAGCGGTAAAATTGCGGGGCTCAACCCCGTACAGC	FALSE	0.892	0.17	0.55	0.335	0.115
Mouth	120	Bacteroidetes.Flavobacteriia.Flavobacteriales.[Weeksellaceae].unknown.unknown	TACGGAGGGTGCAAGCGTTATCCGGATTTATTGGGTTTAAAGGGTCCGTAGGTGGGTTGGTAAGTCAGTGGTGAAATCCTGCAGCTTAACTGTAGAATTG	FALSE	0.938	0.383	0.437	0.443	0.121
Mouth	120	Firmicutes.Bacilli.Lactobacillales.Lactobacillaceae.Lactobacillus.iners	TACGTAGGTGGCAAGCGTTGTCCGGATTTATTGGGCGTAAAGCGAGTGCAGGCGGCTCGATAAGTCTGATGTGAAAGCCTTCGGCTCAACCGGAGAATTG	TRUE	0.79	0.362	0.293	0.485	0.222
Mouth	120	Firmicutes.Clostridia.Clostridiales.Lachnospiraceae.Coprococcus.unknown	TACGTAGGGGGCAAGCGTTATCCGGAATTACTGGGTGTAAAGGGTGCGTAGGTGGTATGGCAAGTCAGAAGTGAAAACCCAGGGCTTAACTCTGGGACTG	TRUE	0.914	0.106	0.054	0.097	0.849
Mouth	120	Firmicutes.Clostridia.Clostridiales.Veillonellaceae.Veillonella.unknown	TACGTAGGTGGCAAGCGTTGTCCGGAATTATTGGGCGTAAAGCGCGCGCAGGCGGATCTGCCAGTCTGTCTTAAAAGTTCGGGGCTCAACCCCGTGATGG	FALSE	0.85	0.106	0.571	0.307	0.122
Mouth	120	Firmicutes.Clostridia.Clostridiales.Veillonellaceae.Veillonella.unknown	TACGTAGGTGGCAAGCGTTGTCCGGAATTATTGGGCGTAAAGCGCGCGCAGGCGGCCTATCCAGTCTGTCTTAAAAGTTCGGGGCTCAACCCCGTGATGG	TRUE	0.806	0.766	0.679	0.278	0.042
Mouth	120	Firmicutes.Erysipelotrichi.Erysipelotrichales.Erysipelotrichaceae.Allobaculum.unknown	TACGTAGGTGGCGAGCGTTATCCGGAATGATTGGGCGTAAAGGGTGCGCAGGCGGCCGGGCAAGTCCGCAGTAAAAACTGGAGGCTCAACCTTCAGGGGC	FALSE	0.787	0.128	0.391	0.319	0.29
Mouth	120	Fusobacteria.Fusobacteriia.Fusobacteriales.Leptotrichiaceae.unknown.unknown	TACGTATGTCGCAAGCGTTATCCGGAATTATTGGGCTTAAAGGGCATCTAGGCGGTTTTTCAAGTCAGGGGTGAAAACTTATGGCTCAACTATAAGCTTG	FALSE	0.819	0.213	0.291	0.584	0.124
Mouth	120	Fusobacteria.Fusobacteriia.Fusobacteriales.Leptotrichiaceae.Leptotrichia.unknown	TACGTATGTCGCAAGCGTTATCCGGAATTATTGGGCATAAAGGGCATCTAGGCGGCCCTGTAAGTCTAGGGTGAAAACCTGCGGCTCAACCGCAGGCCTG	FALSE	0.802	0.128	0.353	0.362	0.284
Mouth	120	Fusobacteria.Fusobacteriia.Fusobacteriales.Leptotrichiaceae.Leptotrichia.unknown	TACGTATGTCGCGAGCGTTATCCGGAATTATTGGGCATAAAGGGCATCTAGGCGGCCCTGTAAGTCTAGGGTGAAAACCTGCGGCTCAACCGCAGGCCTG	FALSE	0.776	0.149	0.094	0.196	0.71
Mouth	120	Proteobacteria.Epsilonproteobacteria.Campylobacterales.Campylobacteraceae.Campylobacter.unknown	TACGGAGGGTGCAAGCGTTACTCGGAATCACTGGGCGTAAAGGACGCGTAGGCGGATTATCAAGTCTCTTGTGAAATCCTATGGCTTAACCATAGAACTG	FALSE	0.826	0.511	0.442	0.327	0.231
Mouth	120	Proteobacteria.Gammaproteobacteria.Oceanospirillales.Oceanospirillaceae.Marinomonas.primoryensis	TACAGAGGGTGCAAGCGTTAATCGGAATTACTGGGCGTAAAGCGCGCGTAGGTGGTTTGTTAAGTCGGATGTGAAATCCCAGGGCTCAACCTTGGAATGG	FALSE	0.788	0.17	0.302	0.439	0.259
Mouth	120	Proteobacteria.Gammaproteobacteria.Pasteurellales.Pasteurellaceae.Haemophilus.unknown	TACGGAGGGTGCGAGCGTTAATCGGAATAACTGGGCGTAAAGGGCACGCAGGCGGTTATTTAAGTGAGGTGTGAAAGCCCCGGGCTTAACCTGGGAATTG	TRUE	0.922	0.745	0.533	0.362	0.104
Mouth	120	Proteobacteria.Gammaproteobacteria.Pasteurellales.Pasteurellaceae.Haemophilus.parainfluenzae	TACGGAGGGTGCGAGCGTTAATCGGAATAACTGGGCGTAAAGGGCACGCAGGCGGTGACTTAAGTGAGGTGTGAAAGCCCCGGGCTTAACCTGGGAATTG	TRUE	0.848	0.723	0.653	0.295	0.052
Mouth	120	Proteobacteria.Gammaproteobacteria.Pseudomonadales.Moraxellaceae.Enhydrobacter.unknown	TACAGAGGGTGCGAGCGTTAATCGGAATTACTGGGCGTAAAGCGAGTGTAGGTGGCTCATTAAGTCACATGTGAAATCCCCGGGCTTAACCTGGGAACTG	TRUE	0.828	0.255	0.351	0.399	0.25
Mouth	120	Proteobacteria.Gammaproteobacteria.Pseudomonadales.Moraxellaceae.Moraxella.unknown	TACAGAGGGTGCAAGCGTTAATCGGAATTACTGGGCGTAAAGCGCGCGTAGGTGGTTATTTAAGTCAGATGTGAAAGCCCCGGGCTTAACCTGGGAACTG	FALSE	0.819	0.277	0.523	0.301	0.176
Mouth	180	Actinobacteria.Actinobacteria.Actinomycetales.Actinomycetaceae.Actinomyces.unknown	TACGTAGGGCGCGAGCGTTGTCCGGAATTATTGGGCGTAAAGAGCTCGTAGGCGGCTGGTCGCGTCTGTCGTGAAATCCTCTGGCTTAACTGGGGGCTTG	FALSE	0.804	0.222	0.331	0.42	0.25
Mouth	180	Actinobacteria.Actinobacteria.Actinomycetales.Corynebacteriaceae.Corynebacterium.unknown	TACGTAGGGTGCGAGCGTTGTCCGGAATTACTGGGCGTAAAGAGCTCGTAGGTGGTTTGTCGCGTCGTCTGTGAAATTCTGGGGCTTAACTCCGGGCGTG	FALSE	0.886	0.111	0.498	0.354	0.148
Mouth	180	Actinobacteria.Actinobacteria.Actinomycetales.Corynebacteriaceae.Corynebacterium.unknown	TACGTAGGGTGCGAGCGTTGTCCGGAATTACTGGGCGTAAAGGGCTCGTAGGTGGTTTGTCGCGTCGTCTGTGAAATTCCGGGGCTTAACTCCGGGCGTG	TRUE	0.855	0.444	0.343	0.474	0.183
Mouth	180	Actinobacteria.Actinobacteria.Actinomycetales.Micrococcaceae.Rothia.mucilaginosa	TACGTAGGGCGCGAGCGTTGTCCGGAATTATTGGGCGTAAAGAGCTTGTAGGCGGTTTGTCGCGTCTGCTGTGAAAGGCCGGGGCTTAACTCCGTGTATT	TRUE	0.951	0.511	0.464	0.443	0.093
Mouth	180	Actinobacteria.Actinobacteria.Actinomycetales.Micrococcaceae.Rothia.mucilaginosa	TACGTAGGGCGCGAGCGTTGTCCGGAATTATTGGGCGTAAAGAGCTTGTAGGCGGTTTGTCGCGTCTGCTGTGAAAGGCCGGGGCTTAACCCCGTGTATT	FALSE	0.937	0.511	0.489	0.405	0.106
Mouth	180	Bacteroidetes.Bacteroidia.Bacteroidales.[Paraprevotellaceae].[Prevotella].unknown	TACGGAAGGTCCAGGCGTTATCCGGATTTATTGGGTTTAAAGGGAGCGTAGGCGGATTATTAAGTCAGTGGTGAAAGACGGTGGCTCAACCATCGTTAGC	TRUE	0.851	0.822	0.617	0.305	0.079
Mouth	180	Bacteroidetes.Bacteroidia.Bacteroidales.[Paraprevotellaceae].[Prevotella].unknown	TACGGAAGGTCCAGGCGTTATCCGGATTTATTGGGTTTAAAGGGAGCGTAGGCGGATTGTTAAGTCAGCGGTTAAAGGGTGTGGCTCAACCATGCATTGC	FALSE	0.836	0.311	0.323	0.496	0.181
Mouth	180	Bacteroidetes.Bacteroidia.Bacteroidales.Bacteroidaceae.Bacteroides.unknown	TACGGAGGATCCGAGCGTTATCCGGATTTATTGGGTTTAAAGGGAGCGTAGATGGATGTTTAAGTCAGTTGTGAAAGTTTGCGGCTCAACCGTAAAATTG	TRUE	0.943	0.311	0.427	0.47	0.102
Mouth	180	Bacteroidetes.Bacteroidia.Bacteroidales.Porphyromonadaceae.Porphyromonas.unknown	TACGGAGGATGCGAGCGTTATCCGGATTTATTGGGTTTAAAGGGTGCGTAGGCGGCCTGTTAAGTCAGCGGTGAAATCTAGGAGCTTAACTCCTAAATTG	TRUE	0.821	0.667	0.322	0.47	0.208
Mouth	180	Bacteroidetes.Bacteroidia.Bacteroidales.Prevotellaceae.Prevotella.unknown	TACGGAAGGTCCGGGCGTTATCCGGATTTATTGGGTTTAAAGGGAGCGTAGGCTGTCTATTAAGCGTGTTGTGAAATATACCGGCTCAACCGGTGGCTTG	TRUE	0.872	0.133	0.084	0.109	0.807
Mouth	180	Bacteroidetes.Bacteroidia.Bacteroidales.Prevotellaceae.Prevotella.melaninogenica	TACGGAAGGTCCGGGCGTTATCCGGATTTATTGGGTTTAAAGGGAGCGTAGGCCGGAGATTAAGTGTGTTGTGAAATGTAGACGCTCAACGTCTGACTTG	FALSE	0.941	0.178	0.469	0.426	0.105
Mouth	180	Bacteroidetes.Flavobacteriia.Flavobacteriales.[Weeksellaceae].unknown.unknown	TACGGAGGGTGCAAGCGTTATCCGGATTTATTGGGTTTAAAGGGTCCGTAGGTGGGTTAGTAAGTCAGTGGTGAAATCCTGCAGCTTAACTGTAGAATTG	FALSE	0.892	0.578	0.437	0.393	0.169
Mouth	180	Bacteroidetes.Flavobacteriia.Flavobacteriales.[Weeksellaceae].unknown.unknown	TACGGAGGGTGCAAGCGTTATCCGGATTTATTGGGTTTAAAGGGTCCGTAGGTGGGTTGGTAAGTCAGTGGTGAAATCCTGCAGCTTAACTGTAGAATTG	FALSE	0.869	0.4	0.458	0.36	0.182
Mouth	180	Bacteroidetes.Flavobacteriia.Flavobacteriales.Flavobacteriaceae.Capnocytophaga.unknown	TACGGAGGATGCGAGCGTTATCCGGAATCATTGGGTTTAAAGGGTCCGTAGGCGGGCTGATAAGTCAGAGGTGAAAGCGCTTAGCTCAACTAAGCAACTG	FALSE	0.852	0.156	0.083	0.129	0.788
Mouth	180	Firmicutes.Bacilli.Gemellales.Gemellaceae.unknown.unknown	TACGTAGGTGGCAAGCGTTGTCCGGAATTATTGGGCGTAAAGCGCGCGCAGGTGGTTTAATAAGTCTGATGTGAAAGCCCACGGCTCAACCGTGGAGGGT	TRUE	0.899	0.978	0.452	0.39	0.158
Mouth	180	Firmicutes.Bacilli.Lactobacillales.Streptococcaceae.Streptococcus.unknown	TACGTAGGTCCCGAGCGTTGTCCGGATTTATTGGGCGTAAAGCGAGCGCAGGCGGTTAGATAAGTCTGAAGTTAAAGGCTGTGGCTTAACCATAGTACGC	TRUE	0.953	0.978	0.561	0.385	0.054
Mouth	180	Firmicutes.Bacilli.Lactobacillales.Streptococcaceae.Streptococcus.unknown	TACGTAGGTCCCGAGCGTTATCCGGATTTATTGGGCGTAAAGCGAGCGCAGGCGGTTAGATAAGTCTGAAGTTAAAGGCTGTGGCTTAACCATAGTACGC	TRUE	0.82	0.467	0.514	0.309	0.176
Mouth	180	Firmicutes.Clostridia.Clostridiales.Veillonellaceae.Veillonella.unknown	TACGTAGGTGGCAAGCGTTGTCCGGAATTATTGGGCGTAAAGCGCGCGCAGGCGGCCTATCCAGTCTGTCTTAAAAGTTCGGGGCTTAACCCCGTGATGG	FALSE	0.963	0.156	0.564	0.397	0.039
Mouth	180	Firmicutes.Clostridia.Clostridiales.Veillonellaceae.Veillonella.unknown	TACGTAGGTGGCAAGCGTTGTCCGGAATTATTGGGCGTAAAGCGCGCGCAGGCGGCCTATCCAGTCTGTCTTAAAAGTTCGGGGCTCAACCCCGTGATGG	TRUE	0.943	0.889	0.593	0.364	0.044
Mouth	180	Firmicutes.Clostridia.Clostridiales.Veillonellaceae.Veillonella.dispar	TACGTAGGTGGCAAGCGTTGTCCGGAATTATTGGGCGTAAAGCGCGCGCAGGCGGATTGGTCAGTCTGTCTTAAAAGTTCGGGGCTTAACCCCGTGATGG	TRUE	0.952	0.978	0.534	0.397	0.068
Mouth	180	Fusobacteria.Fusobacteriia.Fusobacteriales.Leptotrichiaceae.Leptotrichia.unknown	TACGTATGTCGCGAGCGTTATCCGGAATTATTGGGCATAAAGGGCATCTAGGCGGTTATGCAAGTCAGGGGTGAAAACTTACGGCTCAACCGTGAGCTTG	FALSE	0.859	0.444	0.472	0.346	0.182
Mouth	180	Fusobacteria.Fusobacteriia.Fusobacteriales.Leptotrichiaceae.Leptotrichia.unknown	TACGTATGTCGCGAGCGTTATCCGGAATTATTGGGCATAAAGGGCATCTAGGCGGCCCTGTAAGTCTAGGGTGAAAACCTGCGGCTCAACCGCAGGCCTG	FALSE	0.79	0.133	0.362	0.357	0.281
Mouth	180	Proteobacteria.Betaproteobacteria.Burkholderiales.Comamonadaceae.unknown.unknown	TACGTAGGGTGCGAGCGTTAATCGGAATTACTGGGCGTAAAGCGTGCGCAGGCGGCTTTGCAAGACAGAGGTGAAATCCCCGGGCTCAACCTGGGAACTG	FALSE	0.86	0.133	0.378	0.417	0.204
Mouth	180	Proteobacteria.Betaproteobacteria.Neisseriales.Neisseriaceae.unknown.unknown	TACGTAGGGTGCAAGCGTTAATCGGAATTATTGGGCGTAAAGCGAGTGCAGACGGTTACTTAAGCCAGATGTGAAATCCCCAAGCTTAACTTGGGACGTG	TRUE	0.914	0.378	0.555	0.353	0.092
Mouth	180	Proteobacteria.Gammaproteobacteria.Pasteurellales.Pasteurellaceae.Haemophilus.unknown	TACGGAGGGTGCGAGCGTTAATCGGAATAACTGGGCGTAAAGGGCACGCAGGCGGTTATTTAAGTGAGGTGTGAAAGCCCCGGGCTTAACCTGGGAATTG	TRUE	0.958	0.778	0.404	0.538	0.058
Mouth	180	Proteobacteria.Gammaproteobacteria.Pasteurellales.Pasteurellaceae.Haemophilus.parainfluenzae	TACGGAGGGTGCGAGCGTTAATCGGAATAACTGGGCGTAAAGGGCACGCAGGCGGTGACTTAAGTGAGGTGTGAAAGCCCCGGGCTTAACCTGGGAATTG	TRUE	0.79	0.8	0.281	0.629	0.09
Mouth	180	Proteobacteria.Gammaproteobacteria.Pseudomonadales.Moraxellaceae.Acinetobacter.unknown	TACAGAGGGTGCGAGCGTTAATCGGATTTACTGGGCGTAAAGCGTGCGTAGGCGGCTAATTGAGTCGGATGTGAAATCCCCGAGCTTAACTTGGGAATTG	TRUE	0.802	0.133	0.378	0.354	0.267
Mouth	180	Proteobacteria.Gammaproteobacteria.Pseudomonadales.Moraxellaceae.Acinetobacter.lwoffii	TACAGAGGGTGCAAGCGTTAATCGGATTTACTGGGCGTAAAGCGCGCGTAGGTGGCCAATTAAGTCAAATGTGAAATCCCCGAGCTTAACTTGGGAATTG	FALSE	0.802	0.156	0.533	0.297	0.17
